"[0,1]","[0,4]","[1,2]","[1,3]","[1,4]","[2,3]","[3,4]"
0,2,2,9,8,2,1,7
1,2,7,8,8,0,5,1
2,2,7,8,7,3,8,9
3,3,5,6,8,2,0,7
4,8,1,7,9,0,0,5
5,4,3,3,7,0,9,4
6,9,0,8,9,7,0,4
7,9,1,0,9,2,6,3
8,5,3,0,9,2,5,9
9,1,4,9,8,8,7,6
10,6,3,4,9,8,2,9
11,7,6,9,9,9,5,0
12,9,0,6,9,3,9,8
13,1,9,5,6,6,0,5
14,2,5,6,6,0,9,1
15,9,6,0,9,6,1,7
16,8,7,2,9,9,3,8
17,8,1,1,6,6,1,4
18,9,0,3,7,4,7,7
19,8,5,4,6,1,9,8
20,0,5,5,7,0,7,5
21,2,4,3,7,2,9,0
22,6,7,4,8,8,5,8
23,8,0,4,6,7,5,0
24,8,6,5,8,6,8,3
25,2,7,5,8,9,2,3
26,0,3,7,9,3,5,0
27,3,4,7,8,7,4,2
28,9,0,7,6,1,8,5
29,5,5,0,7,4,3,5
30,1,0,0,8,2,1,6
31,1,0,6,7,7,2,8
32,4,8,4,9,2,0,9
33,3,9,7,7,2,1,5
34,1,1,8,6,3,1,3
35,9,8,3,9,6,2,1
36,7,5,1,9,5,8,9
37,2,8,5,9,6,9,4
38,6,3,6,6,0,0,6
39,4,8,8,9,8,3,1
40,1,3,3,9,0,6,9
41,6,4,9,6,8,3,8
42,2,5,7,6,5,6,1
43,3,8,8,6,5,4,1
44,5,1,2,9,0,0,3
45,1,6,2,7,6,5,4
46,6,7,1,9,9,2,6
47,0,9,8,6,8,9,7
48,1,3,6,9,9,5,5
49,2,1,1,7,2,7,7
50,3,0,9,8,2,3,3
51,3,2,5,6,9,7,7
52,0,5,2,6,9,4,8
53,2,1,6,9,4,1,5
54,2,3,2,7,7,7,9
55,5,1,4,6,3,0,5
56,4,4,6,7,8,2,6
57,9,5,4,8,4,4,5
58,9,9,8,9,3,5,9
59,0,7,6,9,9,3,5
60,7,3,9,9,7,7,5
61,1,4,7,8,4,0,0
62,0,7,5,7,2,5,5
63,9,0,7,6,6,6,0
64,6,7,5,9,9,4,2
65,7,4,6,8,6,9,2
66,2,6,3,9,4,2,6
67,6,6,1,9,3,1,4
68,4,5,5,7,6,8,3
69,4,7,0,9,3,8,5
70,4,9,3,6,9,5,6
71,1,0,8,6,0,9,6
72,0,0,7,7,2,3,3
73,6,3,5,9,3,5,2
74,9,5,7,6,2,8,9
75,3,0,0,9,9,4,2
76,8,2,9,6,1,3,3
77,1,2,7,9,0,6,5
78,4,9,4,7,6,1,4
79,1,0,0,9,6,4,0
80,3,0,3,6,1,1,4
81,9,8,3,8,9,0,6
82,4,2,5,9,5,9,0
83,7,9,7,8,6,9,9
84,8,4,0,8,0,0,5
85,7,1,0,7,2,9,1
86,6,4,8,7,1,5,7
87,1,3,9,7,9,4,6
88,3,8,6,7,6,6,7
89,0,0,3,6,6,8,7
90,0,8,9,6,3,9,3
91,6,0,2,6,2,7,0
92,7,3,2,9,9,0,8
93,8,6,2,6,3,9,3
94,6,5,9,8,5,0,1
95,7,4,8,7,6,6,9
96,6,1,2,7,6,8,2
97,4,7,5,7,3,4,9
98,6,1,2,9,3,8,8
99,4,0,1,8,3,5,7
100,3,0,0,8,6,7,6
101,3,1,6,7,2,8,0
102,2,4,8,6,1,1,2
103,5,9,0,7,6,8,3
104,3,0,3,7,3,8,9
105,9,3,2,7,5,9,3
106,8,4,1,8,9,7,1
107,8,7,7,6,6,1,6
108,8,0,0,9,5,0,5
109,1,8,2,8,4,4,3
110,8,9,4,6,2,7,2
111,7,4,5,6,8,4,8
112,9,1,7,6,8,7,5
113,8,3,9,8,7,2,5
114,5,6,1,6,8,8,8
115,7,9,0,8,2,6,2
116,4,3,5,8,5,8,7
117,3,4,4,9,7,0,0
118,0,5,4,9,3,4,6
119,4,8,2,8,1,9,7
120,6,7,6,7,1,0,8
121,7,3,7,6,2,5,5
122,2,7,3,8,4,5,9
123,3,9,7,6,7,4,7
124,8,4,8,7,9,8,1
125,8,0,5,8,8,2,6
126,5,0,7,7,0,8,9
127,8,1,1,6,4,5,2
128,2,3,6,6,1,2,0
129,2,9,7,7,7,8,8
130,6,9,9,6,2,1,4
131,1,6,0,6,2,2,5
132,9,6,9,6,6,0,8
133,8,3,5,8,8,0,3
134,2,9,2,8,4,2,4
135,7,0,1,9,6,1,8
136,7,6,0,8,0,7,1
137,7,0,1,9,7,3,9
138,6,6,0,8,1,7,5
139,2,2,1,8,9,6,6
140,4,8,8,8,6,5,8
141,5,8,9,7,0,6,9
142,9,0,5,8,8,1,4
143,8,6,0,8,6,7,6
144,4,2,6,7,1,6,2
145,4,4,0,8,8,0,4
146,6,1,8,6,3,9,1
147,0,1,9,8,5,9,3
148,7,1,1,8,8,6,5
149,7,2,2,6,3,1,6
150,7,7,0,8,7,6,9
151,1,4,6,9,3,7,5
152,8,2,4,9,4,6,6
153,2,7,6,6,0,7,3
154,6,5,9,6,4,0,2
155,2,8,2,7,3,2,9
156,3,5,8,8,3,9,4
157,0,6,1,6,7,2,4
158,8,2,8,6,6,0,9
159,8,6,1,7,7,7,1
160,6,0,4,7,9,3,6
161,6,5,4,6,6,9,8
162,9,4,8,6,3,0,9
163,8,3,9,6,4,0,1
164,0,4,0,7,3,7,1
165,4,1,1,8,4,0,5
166,3,2,8,6,4,3,1
167,2,5,0,8,9,9,8
168,0,9,9,7,9,3,5
169,6,1,1,6,4,4,2
170,8,0,5,7,6,4,3
171,4,1,6,9,6,4,9
172,4,5,4,6,9,9,4
173,3,5,3,8,0,2,9
174,2,5,6,6,8,0,0
175,1,2,9,7,3,9,8
176,6,0,5,9,4,7,2
177,5,9,7,9,4,3,2
178,4,1,7,6,2,6,4
179,7,2,3,9,0,3,0
180,7,4,6,6,1,5,8
181,9,3,8,7,3,8,4
182,9,0,3,8,8,6,7
183,8,9,7,8,9,7,8
184,4,2,8,9,2,0,8
185,4,0,3,9,4,1,7
186,9,9,6,6,4,9,7
187,4,1,1,8,6,2,1
188,0,7,3,8,3,9,1
189,5,0,6,7,1,0,9
190,7,9,5,7,3,5,8
191,0,3,0,6,4,2,1
192,5,9,4,7,2,8,7
193,2,2,2,6,2,5,7
194,3,9,9,8,0,8,4
195,9,2,2,7,4,5,2
196,6,4,0,8,2,6,8
197,7,8,0,9,7,1,6
198,4,8,4,8,7,1,7
199,8,3,6,6,6,2,6
200,9,9,1,6,3,9,5
201,0,6,5,8,5,4,3
202,3,2,0,8,8,7,6
203,9,2,6,7,6,9,9
204,9,7,1,9,9,8,4
205,5,2,1,7,2,4,6
206,0,3,6,9,7,7,2
207,9,4,7,6,9,1,9
208,6,0,6,6,9,6,1
209,7,8,7,7,8,7,4
210,2,8,7,6,4,2,4
211,6,8,4,8,1,2,0
212,3,6,3,6,5,4,8
213,3,6,6,8,7,9,0
214,0,2,5,7,6,6,5
215,9,8,9,9,3,3,8
216,3,9,6,9,0,1,0
217,1,9,8,8,0,2,1
218,4,2,7,9,4,3,1
219,4,4,3,6,8,4,5
220,9,9,2,9,3,6,1
221,2,8,9,8,4,8,7
222,6,7,6,9,8,7,8
223,3,2,6,8,4,6,2
224,0,6,4,7,6,8,6
225,2,1,3,8,5,1,4
226,3,2,9,7,6,9,5
227,9,7,2,8,6,8,3
228,0,8,8,6,2,8,3
229,9,5,6,7,0,4,8
230,3,4,6,9,3,5,4
231,6,2,5,9,0,0,9
232,7,3,2,7,0,9,6
233,0,7,1,8,7,6,7
234,9,2,1,7,1,7,1
235,2,4,7,8,7,7,7
236,9,0,9,9,5,6,7
237,7,0,1,6,9,7,1
238,3,4,5,7,8,7,5
239,7,2,8,7,5,7,3
240,3,1,2,8,3,4,2
241,9,3,2,8,4,8,2
242,6,6,6,6,2,8,3
243,4,4,6,8,3,7,6
244,0,4,3,7,6,7,9
245,1,6,9,6,6,3,8
246,1,8,6,8,6,7,4
247,7,8,6,7,6,8,2
248,5,8,4,8,3,2,8
249,2,5,8,7,2,2,2
250,7,2,7,6,7,6,8
251,3,2,2,7,0,4,6
252,5,1,0,7,5,5,6
253,4,2,7,6,6,4,4
254,7,1,5,9,8,3,2
255,9,5,0,8,7,4,1
256,6,2,1,6,7,3,4
257,6,8,9,9,6,2,4
258,5,2,1,9,8,0,5
259,3,3,9,6,8,1,3
260,6,5,6,6,7,9,2
261,3,8,3,6,8,4,0
262,9,3,8,7,7,9,0
263,9,1,3,9,1,0,4
264,9,3,1,6,9,6,8
265,3,2,3,7,1,4,6
266,5,0,6,7,7,5,8
267,2,3,3,8,7,0,4
268,2,1,7,7,3,9,6
269,6,6,1,7,9,4,5
270,0,2,2,7,5,4,1
271,8,5,4,9,0,6,7
272,2,6,0,8,9,7,7
273,5,6,1,6,9,8,7
274,0,1,4,6,5,8,7
275,5,2,0,6,6,6,6
276,5,1,7,8,2,8,8
277,3,2,5,6,4,9,7
278,3,9,0,6,1,7,8
279,0,4,1,7,9,6,0
280,5,9,9,6,0,2,3
281,2,1,5,7,6,4,7
282,2,5,3,6,9,5,1
283,1,7,8,8,6,8,9
284,1,7,8,8,7,4,9
285,3,8,7,9,3,9,7
286,3,0,1,6,8,0,1
287,5,8,7,6,0,3,5
288,0,8,8,8,5,0,2
289,8,2,9,9,0,0,6
290,6,3,6,9,9,6,7
291,2,4,3,9,8,9,6
292,7,5,7,9,9,8,0
293,4,6,5,9,6,4,0
294,3,0,1,7,1,1,5
295,5,0,5,7,6,4,8
296,7,1,7,9,7,5,0
297,5,4,2,8,5,1,3
298,6,6,5,8,6,5,0
299,1,5,1,9,5,8,3
300,3,0,2,7,1,7,4
301,2,0,6,7,6,0,6
302,7,8,9,9,3,5,4
303,8,4,4,9,9,2,2
304,8,9,7,6,7,8,3
305,9,9,4,6,9,5,0
306,4,6,3,9,5,8,2
307,1,5,8,8,8,7,5
308,3,0,5,9,8,4,6
309,3,0,3,6,6,4,4
310,3,6,8,7,2,9,9
311,9,0,1,8,2,9,5
312,1,8,5,8,6,7,5
313,8,7,5,7,1,9,3
314,7,5,2,6,2,5,9
315,4,6,4,8,3,4,9
316,8,2,5,9,7,1,9
317,1,3,6,9,5,4,6
318,6,3,6,8,8,9,8
319,0,8,4,8,7,1,7
320,4,7,1,6,5,7,6
321,9,8,2,7,6,0,1
322,6,3,7,6,2,6,7
323,3,3,4,8,8,8,7
324,2,4,7,6,9,6,6
325,8,4,6,9,9,7,6
326,3,9,6,9,3,7,7
327,2,8,1,7,8,2,7
328,8,4,3,9,3,9,2
329,0,8,7,9,9,0,3
330,5,0,7,8,4,9,7
331,5,3,1,6,5,3,0
332,9,7,7,9,6,5,6
333,5,5,3,8,2,2,8
334,8,3,1,6,9,3,5
335,1,7,0,6,0,4,6
336,4,5,2,9,5,5,2
337,9,9,0,7,8,6,4
338,9,2,4,8,6,8,8
339,8,8,7,7,3,0,1
340,3,8,5,8,5,5,9
341,9,7,3,7,4,8,5
342,8,5,5,9,2,5,5
343,0,0,4,6,8,3,0
344,0,5,1,8,9,4,0
345,9,8,5,8,4,7,6
346,1,5,5,9,0,5,2
347,9,5,9,8,5,5,6
348,3,2,3,9,8,5,8
349,5,9,6,9,9,5,5
350,9,8,7,7,5,4,0
351,6,3,8,8,7,8,9
352,9,5,1,9,8,4,9
353,8,1,2,7,6,3,4
354,9,4,8,6,2,3,1
355,2,6,0,9,3,6,2
356,5,9,9,6,0,6,4
357,4,4,5,7,8,0,3
358,6,8,1,7,4,7,9
359,5,6,9,7,4,6,0
360,8,3,0,8,1,2,6
361,7,8,8,7,0,5,0
362,7,1,8,7,9,1,8
363,7,3,1,8,1,3,5
364,1,8,6,8,5,9,4
365,8,5,8,9,5,3,2
366,0,8,1,6,5,5,9
367,7,9,6,8,9,7,8
368,3,3,4,7,0,8,8
369,0,9,1,8,2,8,4
370,7,1,2,9,8,5,3
371,3,7,5,6,8,5,2
372,2,0,1,8,4,5,3
373,1,3,2,9,7,6,3
374,4,6,7,8,9,0,9
375,5,5,1,6,6,6,4
376,3,0,7,9,6,2,6
377,3,7,6,7,2,7,7
378,6,9,4,7,0,7,3
379,9,9,9,7,4,6,8
380,7,9,4,9,1,6,4
381,4,7,6,9,5,1,0
382,4,8,3,8,0,8,4
383,6,1,2,9,1,7,3
384,3,7,6,8,0,5,2
385,3,8,1,6,2,4,7
386,2,3,6,7,8,2,6
387,6,6,0,8,9,6,0
388,0,3,9,6,8,9,1
389,7,2,5,8,0,7,5
390,2,4,7,7,2,3,1
391,6,8,8,7,7,8,4
392,4,3,4,8,1,4,1
393,5,7,9,6,3,7,8
394,8,8,6,6,3,6,7
395,3,2,4,9,8,2,2
396,3,9,6,8,8,1,5
397,5,8,2,8,9,2,6
398,6,2,9,7,3,0,7
399,7,1,5,9,9,4,4
400,9,4,6,6,8,4,8
401,7,6,3,9,7,5,4
402,8,7,4,9,1,0,6
403,2,1,0,8,4,6,1
404,3,9,3,8,6,3,6
405,5,2,9,8,4,2,8
406,5,6,6,7,1,3,4
407,1,6,7,9,0,1,6
408,5,1,7,9,2,8,1
409,4,2,8,8,2,8,3
410,6,6,3,9,3,6,3
411,6,0,0,6,9,2,5
412,7,0,2,6,8,7,1
413,9,9,6,6,0,8,0
414,6,7,0,6,5,3,7
415,4,7,8,7,1,6,1
416,2,5,2,8,6,8,8
417,7,2,7,7,8,5,6
418,1,8,2,8,5,5,9
419,4,8,8,6,0,9,1
420,6,3,0,9,7,2,0
421,9,1,8,8,1,8,6
422,6,6,4,8,7,2,9
423,7,8,4,7,0,5,7
424,4,8,9,8,1,5,0
425,6,1,6,7,1,0,0
426,5,1,1,9,9,6,5
427,5,4,3,9,0,6,9
428,2,2,8,7,4,7,0
429,1,6,8,8,9,8,5
430,5,7,0,8,2,5,9
431,4,4,0,7,4,4,4
432,7,5,6,7,4,0,3
433,0,9,3,6,6,6,8
434,1,9,1,7,7,4,7
435,2,1,9,8,5,9,8
436,4,1,4,8,0,5,8
437,3,1,3,9,0,9,9
438,7,7,5,9,2,3,8
439,9,0,2,6,0,0,9
440,9,1,8,9,6,9,4
441,7,3,1,6,8,9,7
442,3,2,6,9,8,3,4
443,9,0,5,8,2,3,1
444,2,7,1,9,7,3,2
445,0,4,4,6,0,6,6
446,7,7,4,7,8,8,0
447,8,0,0,6,6,3,3
448,9,8,0,9,7,8,6
449,9,2,3,7,6,5,9
450,1,9,9,6,8,2,5
451,2,8,5,8,6,3,5
452,2,7,3,6,6,0,2
453,0,1,0,7,9,8,8
454,9,7,6,9,4,0,4
455,3,5,8,9,7,1,5
456,8,8,0,9,3,6,9
457,7,2,4,7,1,0,6
458,6,7,9,9,4,9,0
459,1,5,8,6,3,1,2
460,4,1,5,8,0,1,2
461,5,2,0,8,5,5,1
462,0,5,6,8,6,5,1
463,4,3,8,8,5,7,3
464,8,8,6,8,1,6,1
465,3,3,7,8,1,0,6
466,8,5,7,8,1,5,3
467,0,0,7,6,7,8,9
468,6,9,0,8,0,1,9
469,0,4,1,6,6,2,6
470,5,5,7,9,1,3,1
471,4,4,9,8,4,4,9
472,3,2,5,6,4,0,4
473,5,4,8,8,6,5,6
474,8,6,3,9,2,3,5
475,0,0,7,7,9,1,1
476,7,7,7,9,3,6,4
477,0,8,6,8,6,4,8
478,9,2,1,7,8,3,0
479,5,7,3,6,1,1,7
480,8,2,0,8,1,8,8
481,1,0,4,8,8,2,3
482,1,2,3,9,2,7,8
483,8,8,7,7,7,0,3
484,4,8,0,6,0,1,6
485,6,6,4,6,9,1,7
486,3,0,0,7,0,8,4
487,5,1,2,9,5,0,4
488,9,7,2,7,8,3,0
489,9,3,7,6,5,1,6
490,1,2,7,9,5,0,9
491,5,7,4,7,6,8,6
492,4,1,9,6,6,9,8
493,5,1,0,6,4,1,8
494,6,0,4,6,3,5,9
495,7,6,2,6,8,0,1
496,6,8,0,7,6,4,5
497,9,2,0,8,9,8,8
498,2,7,6,9,9,5,0
499,8,4,2,8,0,0,0
500,9,3,6,8,2,5,4
501,1,6,2,8,5,5,3
502,4,0,9,8,8,4,9
503,2,3,8,6,3,5,5
504,2,5,8,7,7,1,1
505,0,1,6,9,4,8,1
506,3,3,0,9,1,7,1
507,1,6,6,8,3,4,5
508,6,4,6,9,8,8,6
509,1,6,8,8,6,8,5
510,5,3,3,7,6,9,1
511,3,0,1,8,2,8,2
512,7,5,4,8,8,7,0
513,8,6,6,9,0,8,3
514,0,1,6,8,8,1,9
515,5,4,2,8,2,3,4
516,6,8,0,7,4,0,9
517,2,5,6,9,7,6,2
518,1,7,5,8,5,8,0
519,2,3,5,7,7,4,2
520,0,1,7,8,3,0,6
521,0,5,3,6,7,1,0
522,9,1,2,9,0,0,2
523,6,8,2,9,2,3,1
524,0,3,1,6,5,6,9
525,2,1,9,7,3,2,1
526,0,5,5,6,0,8,9
527,1,1,2,9,8,3,6
528,3,8,0,6,3,3,7
529,8,1,7,9,8,7,7
530,5,5,2,8,0,0,9
531,8,7,4,8,6,6,8
532,0,2,8,9,5,1,7
533,9,9,4,6,2,9,7
534,7,1,3,8,4,8,5
535,4,5,4,7,2,7,9
536,0,9,8,7,6,6,1
537,8,5,8,9,2,4,2
538,3,8,7,9,1,1,9
539,5,9,3,6,2,5,9
540,9,8,1,9,5,4,1
541,4,9,3,7,6,9,8
542,5,9,1,6,8,2,8
543,6,0,0,8,8,4,9
544,7,4,8,8,8,3,1
545,9,5,3,7,8,8,9
546,7,9,9,8,5,0,2
547,8,0,9,7,5,2,0
548,6,3,8,7,0,3,4
549,9,6,8,7,8,3,4
550,0,9,4,8,4,5,4
551,5,3,3,8,5,4,3
552,8,0,7,9,7,7,0
553,9,9,0,9,3,5,0
554,5,6,1,6,2,7,0
555,0,3,0,6,8,3,8
556,6,1,9,6,6,3,8
557,1,7,9,7,7,4,7
558,4,7,1,6,4,7,5
559,1,3,1,6,9,6,0
560,9,6,6,6,5,6,4
561,5,3,4,6,1,7,4
562,9,1,3,7,9,4,1
563,6,9,7,9,6,6,6
564,4,2,7,8,9,0,0
565,0,6,6,8,4,1,6
566,5,1,2,7,9,1,9
567,8,7,4,8,7,3,9
568,7,9,6,7,8,8,3
569,4,2,3,8,9,4,5
570,5,8,5,6,9,6,1
571,1,5,9,8,8,7,5
572,5,2,1,9,6,9,8
573,2,8,4,7,3,7,7
574,8,2,0,6,1,1,1
575,7,2,7,7,6,0,7
576,3,0,5,8,1,6,0
577,8,4,0,8,1,1,6
578,5,4,9,7,1,8,8
579,8,3,2,6,1,8,7
580,9,1,6,8,9,1,2
581,3,8,7,6,4,2,4
582,7,4,7,7,9,2,2
583,2,6,1,9,9,1,2
584,6,6,0,9,6,8,1
585,8,8,1,6,0,6,4
586,5,9,6,9,4,9,1
587,2,7,2,6,4,9,5
588,0,0,0,8,7,4,5
589,1,1,5,8,1,6,2
590,9,0,6,9,1,8,9
591,8,7,4,7,6,9,4
592,7,3,8,8,6,4,0
593,9,9,4,9,7,2,7
594,4,9,0,6,1,7,3
595,6,3,9,7,9,6,8
596,7,0,3,6,5,8,4
597,0,4,1,6,1,3,6
598,7,5,7,6,7,6,1
599,7,7,6,8,1,6,7
600,6,5,3,7,4,5,9
601,0,3,4,6,0,3,8
602,6,8,6,7,5,2,9
603,5,0,3,8,1,1,5
604,7,3,3,8,9,8,5
605,8,8,4,6,1,6,4
606,7,1,8,7,3,5,1
607,6,1,1,9,8,9,4
608,7,5,8,7,2,3,1
609,2,9,3,8,2,2,4
610,6,2,7,9,9,7,7
611,6,9,2,7,0,7,6
612,4,2,2,7,1,6,8
613,6,3,5,9,6,6,8
614,2,4,5,6,2,6,6
615,2,4,6,7,4,4,2
616,4,9,6,9,2,0,3
617,7,0,4,6,5,5,7
618,9,4,4,7,6,5,0
619,8,7,6,7,9,1,2
620,3,5,7,9,5,8,2
621,5,3,2,6,5,6,2
622,0,0,9,9,5,2,8
623,5,5,3,8,0,9,1
624,2,3,1,7,5,2,0
625,8,9,0,6,6,6,6
626,5,3,2,8,6,1,3
627,9,0,1,8,9,8,8
628,0,2,7,8,5,1,5
629,0,0,6,9,6,1,0
630,9,9,0,6,7,1,5
631,5,3,9,7,2,2,0
632,9,2,6,9,4,0,0
633,4,2,8,9,0,5,7
634,2,0,6,8,9,3,8
635,3,2,8,7,6,6,4
636,0,3,5,7,3,7,7
637,6,0,1,8,6,3,2
638,8,6,8,7,2,8,8
639,7,3,1,8,7,4,0
640,7,9,4,8,7,5,8
641,7,8,6,6,6,0,9
642,3,9,6,8,7,7,5
643,0,4,2,6,4,3,2
644,1,3,4,6,7,3,6
645,9,3,7,9,1,7,4
646,7,8,1,8,8,4,0
647,8,1,0,7,1,2,7
648,5,1,2,7,7,9,3
649,6,2,3,9,0,9,1
650,5,7,8,6,5,3,7
651,0,3,0,9,4,8,3
652,2,9,8,6,4,7,0
653,1,1,6,7,6,5,2
654,1,4,3,9,1,3,8
655,4,7,2,9,4,0,9
656,7,5,0,9,4,4,4
657,9,6,7,9,6,6,7
658,3,9,2,9,9,9,8
659,1,7,5,6,8,7,6
660,0,9,6,7,1,6,8
661,8,9,4,6,6,6,6
662,3,9,1,9,1,9,9
663,5,8,8,8,9,8,5
664,0,6,5,8,7,8,0
665,0,5,3,6,2,3,5
666,9,7,7,7,9,9,4
667,5,8,8,9,2,9,4
668,1,5,6,9,1,6,6
669,4,9,1,8,0,1,9
670,5,2,0,6,1,7,4
671,3,2,9,7,8,0,2
672,3,9,6,7,3,6,9
673,4,6,3,8,6,8,0
674,0,4,3,6,7,6,3
675,2,8,9,7,7,0,8
676,8,7,1,8,1,4,8
677,0,3,2,8,6,4,0
678,9,8,0,6,3,8,7
679,8,6,4,8,6,6,1
680,6,3,9,6,9,6,4
681,8,9,6,7,4,5,2
682,5,1,2,7,7,0,4
683,5,1,8,8,5,3,1
684,2,2,2,9,8,2,5
685,8,7,2,8,8,4,1
686,1,1,6,9,2,1,8
687,7,2,8,9,7,9,1
688,7,0,0,9,8,5,6
689,8,5,5,9,6,3,6
690,8,6,3,7,5,1,1
691,5,8,7,8,3,6,1
692,8,8,2,7,0,0,3
693,3,5,5,6,9,7,3
694,1,6,7,7,2,7,1
695,8,9,8,7,3,5,1
696,1,7,3,6,7,2,4
697,5,3,8,6,2,7,3
698,5,0,6,9,6,2,9
699,6,7,9,6,3,1,1
700,2,1,3,9,6,6,3
701,2,2,5,9,0,5,1
702,0,0,8,9,8,9,5
703,7,1,0,9,2,8,5
704,9,3,7,7,3,6,7
705,6,0,1,6,3,4,1
706,6,8,4,8,0,3,3
707,8,2,8,7,2,2,7
708,3,0,5,9,1,0,0
709,0,1,0,8,4,1,3
710,0,9,0,6,4,0,7
711,1,3,1,7,6,4,8
712,1,7,0,8,3,0,1
713,7,9,6,6,2,8,0
714,3,9,7,8,6,5,2
715,4,6,9,8,2,6,7
716,3,1,4,6,1,1,8
717,1,3,5,9,8,2,9
718,6,1,1,6,3,7,0
719,4,2,3,6,1,8,1
720,3,9,9,9,2,9,6
721,9,1,7,9,3,0,2
722,4,6,1,6,2,5,8
723,6,1,6,8,2,7,7
724,0,3,3,6,0,9,3
725,1,0,2,8,2,4,1
726,2,8,0,8,9,4,2
727,2,5,6,8,1,0,8
728,7,6,2,6,8,0,1
729,2,3,3,7,6,2,7
730,0,4,2,6,3,7,7
731,4,5,2,8,7,1,9
732,5,1,7,7,5,4,2
733,3,5,4,7,2,2,8
734,9,6,0,6,2,2,4
735,8,8,1,6,7,5,5
736,6,8,5,8,8,7,8
737,6,2,9,9,7,0,8
738,1,6,7,8,9,1,5
739,0,4,0,6,7,6,1
740,3,7,2,8,4,5,7
741,4,7,7,9,6,9,9
742,9,8,7,7,6,0,3
743,7,1,8,9,4,3,1
744,3,3,2,6,9,3,2
745,7,4,0,8,8,7,6
746,2,3,0,7,6,3,2
747,4,8,1,7,8,0,7
748,8,6,8,8,4,1,9
749,3,4,7,8,1,2,4
750,1,4,5,8,6,0,4
751,1,1,3,8,5,8,3
752,8,5,3,9,1,2,7
753,8,2,0,6,3,5,9
754,8,9,7,8,4,6,5
755,5,0,2,8,7,6,6
756,6,3,3,7,5,5,4
757,6,6,3,9,7,8,1
758,7,2,6,9,7,8,6
759,2,5,0,6,8,4,1
760,7,7,1,7,0,6,9
761,4,6,2,8,7,8,0
762,5,0,0,7,8,9,7
763,0,1,4,8,3,4,5
764,9,3,3,9,9,9,9
765,6,2,3,6,6,2,4
766,5,0,9,9,2,8,0
767,6,6,9,6,3,8,0
768,9,0,0,6,2,0,1
769,3,2,9,8,1,5,2
770,6,4,3,9,7,5,8
771,7,2,4,8,4,0,1
772,5,4,9,7,9,5,6
773,8,4,6,9,1,0,0
774,0,5,1,7,8,7,2
775,4,4,2,6,6,2,4
776,3,2,7,8,7,2,1
777,7,0,2,9,3,1,2
778,7,4,6,7,9,8,2
779,7,8,7,7,1,1,8
780,5,0,2,8,2,9,7
781,8,8,7,7,2,4,3
782,3,4,4,7,2,3,1
783,7,3,0,9,9,1,3
784,8,7,9,9,8,8,9
785,6,8,3,9,7,0,4
786,5,3,8,9,1,3,1
787,9,2,6,6,7,8,5
788,5,7,8,9,7,3,1
789,8,4,6,9,3,0,1
790,1,8,8,6,5,4,8
791,1,3,5,7,7,4,9
792,1,6,8,7,2,6,4
793,8,5,6,9,6,4,4
794,1,0,6,9,4,3,7
795,2,8,0,8,6,5,1
796,4,1,1,7,5,2,1
797,6,0,7,8,1,3,2
798,7,0,7,9,4,0,7
799,0,8,4,6,8,1,8
800,1,9,1,8,0,1,8
801,9,1,9,8,1,7,1
802,1,0,4,8,6,5,5
803,0,7,1,6,7,2,0
804,6,9,0,7,7,0,7
805,5,9,8,7,3,5,0
806,0,0,2,9,8,0,6
807,2,5,7,6,4,6,3
808,4,2,7,9,9,4,4
809,9,7,9,9,5,4,8
810,1,3,4,9,5,6,9
811,0,1,8,7,2,3,1
812,4,9,5,7,7,9,4
813,7,0,1,8,5,6,5
814,3,7,0,9,7,2,7
815,8,8,5,6,6,9,6
816,7,1,8,7,1,9,0
817,2,8,2,8,0,3,6
818,4,0,6,9,9,4,3
819,9,8,3,7,8,5,3
820,2,4,4,9,0,9,2
821,2,8,2,8,0,3,7
822,0,8,0,8,8,3,3
823,0,4,9,6,8,7,2
824,5,5,8,6,8,2,3
825,1,1,2,9,4,3,8
826,4,7,5,6,4,8,5
827,3,1,1,6,9,4,2
828,0,5,7,8,8,3,5
829,8,8,1,6,9,0,4
830,9,7,4,6,1,7,5
831,6,2,1,9,7,9,6
832,9,9,0,8,9,6,9
833,6,1,4,6,6,3,4
834,7,3,3,7,3,1,2
835,1,6,5,9,2,9,9
836,4,5,0,7,1,7,8
837,2,8,2,8,4,5,1
838,0,8,6,7,3,6,8
839,2,2,7,7,6,7,9
840,5,9,3,7,0,2,6
841,6,7,8,8,2,1,5
842,9,9,1,6,2,9,9
843,4,2,8,7,6,9,1
844,4,1,7,6,6,5,9
845,9,6,4,7,1,4,4
846,0,9,4,8,5,5,5
847,0,1,6,8,5,7,3
848,9,2,8,7,3,1,9
849,0,0,5,7,8,3,7
850,1,0,4,7,5,6,9
851,4,3,6,9,2,6,2
852,9,4,2,7,0,1,7
853,2,5,9,9,1,6,4
854,2,2,7,9,9,0,3
855,5,5,8,8,1,0,9
856,0,0,3,9,7,3,6
857,1,6,7,7,4,6,3
858,1,9,5,8,0,5,7
859,1,8,0,8,9,7,2
860,7,0,6,6,2,7,7
861,7,5,4,7,0,5,3
862,9,2,4,9,6,3,2
863,3,0,9,9,8,1,8
864,4,5,8,9,9,3,7
865,9,0,4,7,1,4,5
866,4,3,1,7,9,2,5
867,8,3,7,7,1,4,4
868,9,4,5,7,7,2,6
869,2,1,1,7,9,2,5
870,6,0,5,8,2,3,6
871,9,5,7,7,3,8,1
872,6,8,3,6,6,8,9
873,6,3,2,9,9,0,8
874,2,5,6,7,0,1,5
875,0,4,9,6,0,0,7
876,9,1,6,6,5,8,8
877,1,3,7,6,2,1,4
878,1,0,1,9,7,6,4
879,7,8,1,7,8,9,6
880,6,1,5,6,9,4,0
881,8,0,1,9,9,8,0
882,2,0,4,9,7,7,0
883,6,7,1,6,5,1,6
884,3,3,1,9,2,2,4
885,4,8,1,7,1,3,8
886,7,5,5,9,9,1,6
887,1,3,1,6,5,7,7
888,4,9,7,7,1,2,5
889,5,4,4,8,8,2,9
890,8,8,6,6,6,8,6
891,2,9,3,7,4,0,3
892,9,2,3,9,8,0,2
893,4,8,2,9,1,7,2
894,5,8,7,6,4,1,3
895,3,6,3,8,2,9,1
896,8,4,0,7,8,5,3
897,7,1,7,9,4,2,2
898,8,4,4,9,9,2,3
899,5,6,1,6,4,6,1
900,0,7,4,8,8,2,3
901,7,9,7,9,9,7,6
902,1,8,2,9,1,0,6
903,4,2,1,8,3,8,5
904,2,5,9,6,5,9,9
905,9,2,6,6,0,6,9
906,6,0,9,9,7,9,0
907,9,8,6,7,9,7,4
908,0,4,9,7,1,9,8
909,6,0,7,7,5,8,3
910,2,5,6,7,9,1,0
911,0,5,8,9,7,3,4
912,3,9,6,6,1,6,9
913,4,0,1,9,0,2,9
914,6,4,5,6,3,8,3
915,4,8,2,8,3,6,4
916,8,5,2,7,5,9,6
917,4,7,2,9,0,6,1
918,8,7,4,9,6,3,7
919,0,2,5,7,3,7,8
920,0,6,2,6,3,9,0
921,6,9,7,9,9,4,9
922,2,4,9,7,7,8,9
923,4,6,0,7,2,4,4
924,8,5,8,7,2,3,0
925,4,8,8,8,9,4,8
926,2,7,7,8,7,8,3
927,9,1,6,7,7,5,6
928,8,0,8,8,9,5,8
929,9,8,5,6,7,7,2
930,8,5,4,8,7,4,4
931,5,5,1,8,0,3,6
932,6,5,5,6,0,8,8
933,7,9,9,9,6,2,6
934,8,3,3,8,3,4,9
935,3,3,7,8,4,9,8
936,1,1,4,8,5,8,5
937,6,6,6,6,4,3,4
938,4,1,0,7,1,0,6
939,0,8,3,8,2,8,9
940,9,2,8,7,8,4,6
941,2,5,5,9,4,1,9
942,4,7,7,6,0,4,3
943,8,7,0,7,0,1,7
944,0,7,3,9,0,1,2
945,1,5,2,6,2,4,9
946,8,7,5,7,2,9,8
947,8,1,9,7,7,6,9
948,2,4,1,6,3,7,7
949,3,4,8,9,1,8,7
950,4,9,8,7,6,7,9
951,1,1,0,8,5,2,7
952,5,3,8,6,6,4,0
953,8,5,7,9,7,5,7
954,7,8,0,6,6,1,3
955,9,6,5,8,1,1,7
956,4,9,4,7,0,2,8
957,8,3,7,8,0,3,0
958,1,2,7,6,6,1,5
959,8,8,4,6,0,0,4
960,8,9,7,9,5,7,7
961,8,1,4,8,4,1,0
962,8,4,4,7,0,2,4
963,2,6,5,8,9,1,9
964,1,6,1,9,1,5,8
965,5,8,1,9,5,4,9
966,2,0,1,9,9,2,0
967,2,3,6,8,1,4,7
968,8,3,0,6,2,3,5
969,5,2,8,8,8,9,5
970,8,2,8,8,9,4,1
971,4,8,6,7,4,5,7
972,2,7,4,7,3,0,2
973,6,2,1,8,6,6,0
974,0,6,9,9,2,8,9
975,6,5,9,6,6,2,0
976,9,7,2,8,9,5,6
977,6,8,3,7,8,8,2
978,6,3,9,9,7,9,3
979,8,3,8,7,0,3,0
980,2,6,5,7,1,4,3
981,7,4,7,8,1,1,1
982,9,6,5,7,0,7,8
983,4,0,6,8,1,5,9
984,6,2,4,7,2,8,6
985,1,9,8,8,8,4,2
986,3,1,8,8,5,1,7
987,3,3,6,9,4,4,4
988,0,3,5,6,4,4,5
989,2,3,2,9,1,2,4
990,1,9,3,7,4,9,5
991,0,1,7,9,4,8,9
992,4,9,0,6,0,3,6
993,6,9,3,9,6,3,3
994,6,4,5,8,2,9,8
995,9,6,5,7,3,6,7
996,8,1,9,6,0,6,7
997,4,6,1,9,2,9,6
998,5,8,0,7,8,9,8
999,3,7,0,8,5,5,9
1000,7,5,1,7,6,7,4
1001,1,2,2,6,3,0,3
1002,7,2,5,9,3,2,3
1003,5,9,8,8,8,5,5
1004,5,2,9,6,5,3,3
1005,1,1,0,9,4,6,4
1006,3,4,7,6,8,3,4
1007,8,7,8,9,4,9,3
1008,8,0,8,7,2,8,3
1009,9,9,8,8,4,5,2
1010,4,7,5,9,1,8,2
1011,9,2,1,9,6,7,6
1012,6,7,5,8,5,7,6
1013,3,4,8,6,4,4,8
1014,3,9,3,8,5,0,0
1015,3,7,9,8,6,4,7
1016,3,0,1,6,4,3,0
1017,9,3,8,7,6,0,0
1018,6,1,7,8,2,0,8
1019,6,2,4,6,6,5,2
1020,3,5,5,9,9,2,4
1021,1,6,7,7,0,2,4
1022,6,2,2,7,6,2,1
1023,6,2,3,8,6,2,6
1024,7,5,5,7,9,8,7
1025,7,9,2,8,9,8,4
1026,3,4,4,7,6,0,2
1027,9,5,4,7,8,5,6
1028,1,2,8,8,4,2,5
1029,9,5,7,7,9,7,2
1030,0,7,3,9,6,9,4
1031,3,7,0,6,7,0,7
1032,8,8,7,8,6,6,7
1033,6,8,9,8,3,2,8
1034,5,3,3,7,9,6,3
1035,5,1,6,9,8,4,2
1036,0,9,6,7,6,5,8
1037,6,2,2,9,4,3,8
1038,6,3,9,9,2,6,8
1039,6,8,0,7,0,4,6
1040,4,3,0,6,1,0,7
1041,7,9,8,8,4,6,0
1042,7,7,2,6,7,6,0
1043,1,1,6,7,2,6,8
1044,5,6,6,8,7,0,2
1045,5,0,0,6,1,8,4
1046,7,3,1,9,7,7,7
1047,1,8,1,8,5,2,6
1048,7,9,9,7,5,5,3
1049,4,7,2,8,7,9,6
1050,1,8,2,7,3,5,4
1051,6,4,1,8,3,5,1
1052,3,8,4,8,3,9,7
1053,3,9,8,7,5,6,5
1054,5,8,7,7,6,0,7
1055,6,1,1,6,2,8,5
1056,0,5,8,9,8,1,8
1057,4,9,1,7,1,9,7
1058,4,0,3,8,0,0,6
1059,4,8,4,7,9,1,9
1060,7,2,5,7,0,0,6
1061,8,4,6,7,2,9,5
1062,8,2,4,6,4,5,1
1063,1,5,7,7,4,1,7
1064,3,3,4,9,5,1,1
1065,8,0,3,7,5,7,1
1066,0,2,6,9,2,7,0
1067,2,2,6,7,4,0,2
1068,4,6,9,7,6,1,6
1069,6,2,3,9,8,6,4
1070,9,8,4,9,1,0,5
1071,8,8,8,8,7,9,3
1072,8,0,7,9,8,3,2
1073,7,6,7,7,8,7,6
1074,6,6,6,9,0,8,7
1075,8,7,3,9,4,8,8
1076,1,7,9,7,7,5,4
1077,4,6,9,8,8,4,5
1078,9,5,4,9,3,1,1
1079,5,8,3,6,6,0,9
1080,6,5,1,6,6,4,5
1081,5,2,9,8,8,4,6
1082,3,1,3,7,3,1,9
1083,4,3,7,9,4,2,7
1084,5,9,7,8,2,3,6
1085,6,2,2,6,6,5,6
1086,9,3,8,8,6,5,9
1087,3,8,1,6,8,2,8
1088,0,6,9,9,6,1,3
1089,9,2,6,6,7,9,9
1090,1,2,4,8,2,1,8
1091,5,5,2,6,2,8,3
1092,9,7,2,6,6,8,8
1093,8,5,2,6,0,7,1
1094,9,4,3,9,8,4,9
1095,2,0,6,7,4,4,3
1096,8,7,6,7,7,0,3
1097,5,9,1,9,9,9,7
1098,7,2,9,9,6,1,5
1099,1,1,6,6,0,2,8
1100,5,5,2,9,9,7,8
1101,6,5,6,7,6,8,3
1102,6,3,0,9,8,5,9
1103,0,7,0,8,2,5,8
1104,9,1,8,8,1,3,2
1105,0,8,4,7,1,6,8
1106,5,2,4,6,1,9,6
1107,4,8,4,9,9,0,9
1108,6,3,7,8,3,2,3
1109,3,0,7,7,7,8,8
1110,2,8,4,7,6,0,9
1111,3,7,5,7,5,7,8
1112,1,0,0,8,1,1,4
1113,4,0,6,9,4,2,7
1114,8,2,9,7,5,8,0
1115,6,9,9,8,2,4,6
1116,6,9,1,9,4,5,7
1117,0,2,7,7,7,0,6
1118,4,8,2,7,7,4,7
1119,9,6,6,9,8,1,6
1120,8,6,8,7,8,4,1
1121,6,8,8,8,6,3,7
1122,9,3,9,6,3,6,1
1123,4,0,7,7,3,2,2
1124,9,8,2,9,0,4,6
1125,3,5,7,8,1,3,4
1126,9,0,9,7,4,9,4
1127,2,3,6,7,2,7,5
1128,6,7,9,9,9,9,6
1129,2,8,1,7,9,3,7
1130,4,3,9,9,3,8,1
1131,9,0,9,8,4,5,4
1132,2,4,9,6,7,0,9
1133,0,3,9,7,9,8,1
1134,1,9,1,6,7,4,6
1135,1,7,6,7,7,9,8
1136,2,4,1,9,5,1,6
1137,9,3,9,9,6,1,9
1138,9,5,6,6,2,8,1
1139,7,9,1,7,3,3,8
1140,8,6,0,6,0,5,0
1141,1,3,2,9,3,9,1
1142,9,8,3,7,8,1,9
1143,2,6,5,9,1,9,9
1144,7,0,2,9,3,0,7
1145,3,3,5,7,2,0,1
1146,4,3,8,9,3,2,8
1147,3,0,2,9,4,6,5
1148,9,7,6,9,6,6,6
1149,8,6,3,6,4,7,4
1150,3,8,2,9,8,5,3
1151,1,8,2,9,1,5,1
1152,5,6,5,7,9,1,4
1153,7,1,1,8,3,6,4
1154,5,6,6,7,4,0,8
1155,8,5,9,6,4,4,1
1156,5,5,7,7,3,8,8
1157,6,8,3,6,9,4,8
1158,8,0,8,6,6,9,3
1159,0,9,6,8,4,3,6
1160,4,5,7,7,9,6,4
1161,3,7,9,6,9,5,0
1162,3,6,8,8,0,1,5
1163,2,7,7,9,3,9,6
1164,6,8,2,6,2,4,2
1165,3,2,9,9,1,0,0
1166,3,7,1,6,5,6,5
1167,8,6,3,7,8,2,4
1168,9,8,2,7,6,3,7
1169,6,5,6,7,6,0,3
1170,8,2,6,8,5,5,3
1171,6,1,5,6,0,1,2
1172,4,3,2,9,3,1,9
1173,1,6,2,8,6,1,5
1174,8,2,0,6,4,9,5
1175,6,8,3,9,2,1,3
1176,5,7,0,6,4,4,1
1177,5,9,2,6,3,4,1
1178,4,3,3,6,0,2,6
1179,3,7,0,6,5,6,7
1180,3,8,6,6,0,2,7
1181,5,2,9,7,8,7,6
1182,0,9,0,9,7,5,4
1183,2,2,3,8,2,1,7
1184,4,3,9,8,1,8,1
1185,6,8,5,7,2,5,0
1186,0,2,3,6,8,0,0
1187,3,3,1,6,8,8,6
1188,2,9,2,9,4,5,5
1189,4,1,3,9,1,7,3
1190,4,6,7,7,0,3,6
1191,9,1,5,9,1,3,3
1192,9,7,0,8,9,5,6
1193,7,0,5,7,9,8,8
1194,1,4,8,9,4,8,3
1195,4,6,5,8,3,8,4
1196,8,8,8,8,0,0,0
1197,0,3,4,6,6,5,8
1198,8,7,0,8,4,6,2
1199,8,6,8,8,2,1,4
1200,3,0,8,8,3,1,0
1201,4,1,7,8,9,0,8
1202,3,0,0,8,3,9,2
1203,0,7,2,8,7,0,3
1204,0,9,3,7,5,5,5
1205,0,3,0,9,7,4,9
1206,2,2,2,9,6,7,6
1207,1,9,9,6,0,7,6
1208,3,2,8,6,4,7,9
1209,3,5,3,7,5,7,7
1210,5,6,4,6,9,5,8
1211,5,5,1,6,7,3,5
1212,0,0,5,9,8,0,0
1213,3,2,4,6,8,2,5
1214,3,9,8,9,3,2,3
1215,6,8,5,6,7,4,8
1216,8,4,6,6,9,0,2
1217,7,5,0,7,8,9,4
1218,5,1,3,9,0,1,1
1219,8,0,1,7,9,4,4
1220,1,0,2,8,1,9,7
1221,8,4,1,7,2,0,8
1222,2,2,0,8,3,1,1
1223,5,0,1,9,7,6,9
1224,5,8,0,9,0,3,9
1225,8,5,2,7,9,6,6
1226,9,8,6,8,0,6,3
1227,3,3,9,9,0,8,3
1228,3,4,7,8,9,4,2
1229,5,9,8,8,0,5,0
1230,9,4,9,6,2,5,4
1231,5,4,6,6,3,9,4
1232,1,0,4,6,2,3,2
1233,8,1,5,9,1,4,3
1234,3,8,9,9,0,6,6
1235,1,9,6,8,2,0,7
1236,9,1,2,9,4,7,9
1237,3,5,2,9,1,3,4
1238,7,2,8,8,7,1,4
1239,2,5,6,6,2,1,7
1240,0,4,9,9,4,9,4
1241,6,9,7,9,0,6,8
1242,7,0,2,7,5,6,8
1243,1,3,7,7,4,7,5
1244,2,0,8,6,4,9,4
1245,9,3,2,8,2,6,1
1246,5,1,7,8,3,9,8
1247,2,2,6,6,0,7,1
1248,9,2,0,8,6,0,3
1249,5,7,7,9,3,4,0
1250,0,1,0,8,7,7,2
1251,5,7,4,9,1,6,6
1252,3,8,6,8,9,2,0
1253,1,1,3,6,4,0,6
1254,7,1,0,9,4,2,4
1255,9,7,4,6,1,9,8
1256,8,0,1,9,9,4,9
1257,8,8,8,7,5,8,5
1258,1,4,3,7,9,8,8
1259,7,5,0,9,5,7,8
1260,9,0,7,8,7,0,7
1261,6,2,1,8,7,5,8
1262,7,4,7,7,1,9,7
1263,9,1,2,9,8,3,8
1264,7,9,1,7,7,6,4
1265,7,8,4,8,9,9,2
1266,4,1,7,8,1,4,3
1267,9,7,2,7,8,4,2
1268,6,9,5,7,2,7,3
1269,0,1,7,9,7,4,4
1270,2,6,5,7,3,7,2
1271,1,6,2,6,8,3,0
1272,2,2,1,6,9,9,5
1273,7,1,0,7,2,5,4
1274,1,7,4,9,0,4,6
1275,4,0,8,9,2,9,5
1276,1,4,5,9,5,5,1
1277,2,3,2,6,4,1,8
1278,0,4,3,6,3,6,2
1279,6,0,8,6,8,3,7
1280,3,9,5,7,0,8,1
1281,0,4,3,6,9,2,8
1282,3,5,2,9,0,9,7
1283,2,4,0,6,0,8,7
1284,1,9,5,7,5,7,6
1285,4,4,6,9,3,7,9
1286,3,7,9,7,9,7,9
1287,8,3,6,8,2,8,7
1288,5,7,5,6,1,5,0
1289,4,7,6,7,7,2,1
1290,0,5,2,6,8,8,9
1291,8,6,5,7,0,6,0
1292,7,2,4,8,2,4,2
1293,1,2,7,9,7,0,8
1294,5,9,2,7,0,5,2
1295,1,0,7,9,3,4,7
1296,1,9,8,9,6,1,7
1297,6,6,1,9,2,6,3
1298,4,4,9,9,3,2,3
1299,3,0,6,9,1,8,7
1300,8,3,0,9,7,8,9
1301,9,5,7,7,2,3,4
1302,9,3,7,8,1,7,6
1303,6,0,3,9,7,2,9
1304,3,0,8,9,3,9,0
1305,4,3,3,8,4,2,8
1306,8,3,2,8,1,5,6
1307,9,5,1,9,3,9,1
1308,6,3,7,8,1,8,6
1309,9,3,2,9,0,9,6
1310,8,3,2,7,0,0,4
1311,9,3,2,7,8,7,8
1312,8,3,3,9,6,3,9
1313,7,0,0,7,7,5,6
1314,0,0,8,8,2,7,7
1315,0,5,2,8,4,4,7
1316,5,4,7,8,7,6,0
1317,9,8,9,8,9,7,6
1318,3,0,4,6,5,1,9
1319,7,6,3,8,1,6,6
1320,4,4,8,7,9,9,0
1321,0,7,8,8,1,4,9
1322,3,2,2,8,4,3,4
1323,8,2,4,7,7,8,9
1324,0,8,2,9,9,5,8
1325,7,0,4,8,1,9,1
1326,3,6,7,6,8,4,0
1327,4,8,9,6,1,5,1
1328,0,3,5,6,5,5,1
1329,4,7,2,8,7,1,9
1330,4,6,4,7,4,9,6
1331,3,1,0,7,5,6,8
1332,8,9,6,8,4,8,8
1333,5,9,7,6,5,8,7
1334,0,2,3,9,0,7,9
1335,4,4,6,9,1,1,7
1336,3,4,2,9,4,5,7
1337,3,7,1,8,1,4,1
1338,5,0,6,8,4,5,3
1339,6,7,0,9,7,4,6
1340,0,1,9,6,1,9,5
1341,4,8,0,6,3,7,5
1342,2,8,8,7,4,2,2
1343,3,8,6,9,9,3,8
