,"[0,1]","[0,4]","[1,2]","[1,3]","[1,4]","[2,3]","[3,4]"
0,1,2,3,9,5,5,2
1,4,3,6,6,9,7,5
2,7,8,7,8,2,2,7
3,9,5,1,6,1,6,8
4,9,2,5,9,5,6,6
5,9,4,4,8,9,6,9
6,8,6,4,7,0,2,9
7,0,9,5,6,1,5,0
8,6,7,9,8,2,6,6
9,3,8,2,9,6,1,8
10,8,1,8,6,4,3,4
11,3,9,6,7,1,5,8
12,0,4,3,8,6,1,1
13,4,2,7,9,9,0,7
14,2,3,8,6,3,5,1
15,9,5,2,7,9,6,4
16,7,0,9,9,7,5,0
17,9,5,0,6,9,2,5
18,4,6,2,7,1,6,1
19,6,7,5,9,1,1,9
20,9,7,6,9,2,4,1
21,6,2,7,9,2,0,5
22,3,2,5,6,1,7,6
23,7,6,4,7,9,2,1
24,3,5,6,8,1,9,3
25,8,5,2,8,8,3,8
26,0,3,4,9,8,2,2
27,9,4,7,8,7,2,7
28,3,6,4,9,7,9,3
29,1,9,1,7,7,7,5
30,4,3,7,7,8,9,4
31,1,3,3,7,5,5,9
32,9,4,8,8,1,3,8
33,9,3,0,8,3,4,3
34,2,5,6,6,5,7,4
35,5,0,5,9,7,5,0
36,5,9,3,7,3,4,2
37,8,9,9,8,4,0,9
38,9,7,9,9,4,3,5
39,2,0,1,9,7,3,6
40,6,9,8,9,3,1,1
41,7,4,7,6,0,7,4
42,1,3,6,9,0,3,1
43,2,7,9,6,3,3,3
44,1,7,5,8,0,7,6
45,8,3,3,9,4,1,1
46,1,5,5,9,6,6,9
47,0,1,6,7,6,8,6
48,2,6,4,8,8,2,0
49,3,8,7,7,5,6,4
50,1,6,9,9,9,8,8
51,4,2,1,8,7,7,7
52,0,9,4,6,9,3,6
53,7,0,7,9,7,0,6
54,3,7,2,6,5,1,9
55,6,4,0,7,3,3,9
56,7,4,9,9,6,3,0
57,5,9,5,9,2,3,8
58,1,4,5,8,7,0,6
59,2,8,8,7,5,4,9
60,4,3,0,8,8,2,0
61,4,4,7,8,1,2,5
62,4,0,6,7,9,9,4
63,8,7,1,7,7,2,1
64,8,1,9,6,6,4,9
65,7,6,9,9,7,7,8
66,4,4,7,9,6,7,3
67,4,2,3,6,0,2,8
68,6,2,0,9,1,6,8
69,7,8,4,7,7,2,3
70,9,9,5,9,0,4,2
71,1,6,5,7,1,9,8
72,0,7,0,6,7,2,5
73,6,9,2,9,6,8,7
74,1,7,2,9,6,5,3
75,9,0,0,9,1,0,1
76,9,9,6,9,2,7,1
77,4,9,7,6,3,1,4
78,0,0,7,9,9,9,5
79,2,8,0,7,7,0,4
80,6,8,7,9,4,5,4
81,3,4,8,8,9,3,1
82,8,6,5,7,9,3,6
83,1,4,4,6,0,2,6
84,5,9,2,7,3,5,4
85,7,1,1,8,2,1,8
86,4,2,6,6,5,0,5
87,5,6,7,6,4,1,2
88,4,3,4,8,5,2,7
89,6,3,3,8,4,4,3
90,5,5,8,6,0,5,5
91,4,8,3,8,7,0,5
92,5,8,9,7,1,6,1
93,5,5,0,6,3,2,1
94,5,3,8,9,8,5,8
95,3,7,8,6,7,2,5
96,6,8,4,9,6,7,7
97,1,7,3,9,0,5,5
98,7,4,6,6,8,4,4
99,9,0,6,7,0,1,6
100,3,1,0,8,5,7,5
101,4,1,2,8,2,3,8
102,2,4,3,6,7,6,9
103,2,2,4,6,8,8,1
104,3,4,0,6,8,1,8
105,4,6,0,7,8,2,4
106,5,6,1,8,1,7,1
107,6,8,6,7,1,4,6
108,8,9,6,6,1,8,9
109,0,1,7,6,6,1,7
110,8,4,4,6,8,5,0
111,9,9,8,9,7,4,1
112,9,7,3,6,7,0,6
113,7,8,5,8,6,1,5
114,7,2,9,6,0,9,5
115,6,4,8,7,7,8,2
116,1,8,2,8,3,9,8
117,6,2,4,6,4,7,8
118,6,1,0,9,7,9,2
119,8,0,7,7,4,3,6
120,9,0,5,7,0,1,3
121,7,8,5,6,2,4,7
122,4,8,1,7,5,3,6
123,1,1,7,6,6,8,4
124,4,7,5,7,5,4,2
125,0,7,2,8,5,9,3
126,3,9,3,8,9,4,7
127,8,5,4,6,9,8,4
128,2,3,2,7,8,8,2
129,0,6,2,6,0,7,0
130,3,5,8,8,3,7,5
131,1,9,7,9,4,4,2
132,3,0,0,9,6,1,8
133,9,8,8,6,3,8,1
134,6,8,1,7,6,4,4
135,3,6,7,8,4,7,3
136,1,9,0,6,1,0,7
137,8,3,5,9,7,0,9
138,2,0,6,7,4,8,9
139,9,5,5,8,3,5,6
140,9,6,1,6,3,7,9
141,1,4,2,8,5,0,8
142,0,5,4,6,3,7,3
143,0,0,2,9,9,8,5
144,2,2,4,8,5,0,4
145,4,3,0,6,3,0,0
146,1,1,3,6,9,1,2
147,1,0,3,7,9,9,3
148,1,4,5,9,2,7,0
149,1,8,8,7,9,0,2
150,6,0,3,6,3,4,7
151,4,3,2,9,8,8,4
152,4,0,8,9,1,2,2
153,1,9,5,6,1,0,7
154,3,1,1,9,0,7,7
155,8,4,5,9,9,7,1
156,9,9,2,6,9,7,5
157,4,9,7,9,1,9,3
158,3,5,5,8,3,1,9
159,8,5,0,8,7,1,2
160,6,3,4,8,9,5,3
161,6,3,9,9,9,2,3
162,5,0,4,9,2,6,0
163,7,4,1,9,0,5,0
164,4,8,4,8,3,5,7
165,1,7,4,8,9,4,5
166,5,0,6,6,2,2,9
167,0,5,5,7,2,3,2
168,1,9,9,7,6,1,1
169,4,9,4,9,3,2,5
170,7,4,4,8,3,2,9
171,9,9,8,8,0,7,2
172,4,4,4,9,0,0,3
173,6,3,0,9,4,7,8
174,7,9,4,7,7,9,2
175,2,2,4,8,5,5,3
176,0,8,6,9,7,5,2
177,5,6,9,8,2,6,5
178,2,4,0,6,4,2,7
179,8,7,9,8,6,7,3
180,4,5,8,8,3,2,2
181,3,2,0,9,2,9,7
182,8,5,6,6,8,0,3
183,9,4,0,6,1,1,9
184,6,7,8,9,1,3,0
185,8,2,4,7,0,2,1
186,9,7,1,8,6,3,6
187,7,0,8,6,4,1,0
188,7,7,6,9,5,2,6
189,4,7,6,9,1,0,1
190,6,4,3,7,9,9,9
191,6,7,3,8,6,0,6
192,9,1,4,6,7,1,2
193,8,4,2,6,0,8,1
194,6,5,7,6,4,8,9
195,2,4,6,8,3,3,5
196,1,0,1,7,2,0,8
197,7,4,1,7,5,3,4
198,6,4,4,9,9,9,5
199,9,4,8,7,6,5,0
200,3,2,4,6,3,9,4
201,0,7,5,7,7,3,1
202,1,3,0,8,1,9,4
203,6,1,3,8,0,7,2
204,8,1,7,8,9,5,5
205,2,0,8,8,9,5,6
206,7,8,3,9,1,0,1
207,8,2,7,7,6,6,8
208,8,0,2,8,7,0,0
209,6,7,4,9,8,6,2
210,7,3,6,6,4,5,3
211,3,6,2,9,8,1,4
212,8,7,1,7,6,9,6
213,1,8,9,8,0,0,1
214,6,4,7,6,7,7,2
215,9,0,4,8,7,9,1
216,5,9,3,7,9,8,5
217,6,3,2,8,4,3,8
218,5,8,3,6,4,5,4
219,3,8,0,8,3,8,4
220,0,1,3,9,0,2,1
221,2,1,2,7,0,3,4
222,2,6,3,9,8,4,1
223,7,1,4,6,3,9,5
224,2,8,8,8,5,6,3
225,3,2,8,8,3,2,6
226,6,5,5,8,4,9,1
227,5,3,3,7,8,0,5
228,7,0,0,8,6,8,0
229,5,1,2,9,2,3,7
230,0,3,9,9,6,6,7
231,5,3,7,6,9,0,8
232,2,8,6,7,6,3,2
233,1,2,8,7,4,4,5
234,4,1,4,9,6,8,9
235,6,9,5,8,7,9,2
236,1,1,3,7,9,7,4
237,8,2,4,6,3,9,1
238,6,5,5,9,4,9,1
239,7,7,6,9,2,3,6
240,8,2,4,9,4,7,7
241,3,1,5,7,3,6,0
242,5,2,2,6,6,1,6
243,5,7,7,6,5,3,0
244,9,0,2,9,8,3,4
245,4,1,0,6,5,3,8
246,3,7,9,8,9,4,1
247,4,9,8,6,8,2,2
248,8,5,2,7,2,0,5
249,8,8,4,8,6,2,8
250,4,1,4,7,4,4,2
251,1,5,3,6,5,9,3
252,2,7,7,8,8,1,4
253,5,8,8,9,2,5,9
254,4,9,0,8,1,4,4
255,9,4,3,9,6,7,6
256,8,4,3,8,7,7,1
257,9,7,5,6,9,6,1
258,3,4,7,8,1,9,8
259,4,5,6,7,3,3,5
260,1,0,2,8,6,4,6
261,7,5,1,6,8,9,8
262,0,8,5,7,5,2,4
263,7,2,4,7,8,1,6
264,2,8,8,7,7,1,1
265,6,2,3,7,2,7,1
266,9,2,1,8,9,4,5
267,1,4,0,8,2,4,4
268,4,7,8,7,9,3,4
269,9,7,1,9,9,6,5
270,6,9,0,6,0,0,0
271,6,4,2,9,8,3,7
272,0,9,1,9,0,8,8
273,5,1,6,9,0,5,0
274,4,0,0,9,9,8,9
275,3,3,8,7,8,9,9
276,2,1,4,8,4,8,8
277,1,5,4,6,1,8,8
278,1,0,5,7,3,9,6
279,5,0,9,6,1,2,7
280,4,4,9,8,7,9,1
281,2,5,5,7,0,3,3
282,8,1,7,9,5,0,3
283,9,4,4,9,5,9,8
284,6,1,5,9,6,1,5
285,8,7,2,7,6,7,9
286,4,8,1,9,3,1,3
287,7,2,8,8,6,8,4
288,6,1,5,6,4,1,6
289,0,5,1,9,0,9,1
290,6,5,6,8,1,2,3
291,6,4,3,8,5,8,7
292,1,2,8,6,4,7,7
293,2,9,4,8,7,3,3
294,9,5,2,9,1,5,9
295,6,2,3,6,2,7,4
296,6,7,3,8,2,7,5
297,1,3,1,9,1,3,0
298,7,8,2,6,4,0,7
299,1,6,6,6,4,3,5
300,6,8,7,6,8,5,7
301,9,4,1,6,9,9,6
302,1,3,9,7,1,8,0
303,8,2,8,7,9,9,8
304,9,4,4,6,6,1,5
305,8,8,1,8,8,4,2
306,0,6,0,7,3,3,9
307,6,0,0,7,9,9,2
308,1,3,0,8,0,3,4
309,6,2,9,9,5,5,2
310,5,8,0,6,4,6,4
311,3,2,4,8,8,5,9
312,2,9,2,7,1,8,7
313,0,3,2,7,4,6,0
314,4,6,2,6,6,2,8
315,1,6,2,7,2,3,8
316,0,5,2,9,3,3,5
317,5,5,5,7,7,1,9
318,8,0,8,9,4,5,1
319,2,2,9,6,2,7,2
320,4,6,8,9,2,0,3
321,6,4,5,8,5,9,5
322,4,3,4,8,7,6,8
323,2,9,5,6,7,7,8
324,4,6,7,7,7,8,6
325,8,8,8,7,6,8,6
326,3,1,1,9,2,8,6
327,9,8,2,9,5,6,0
328,6,4,4,9,8,3,7
329,6,1,8,8,8,5,1
330,8,9,8,8,3,8,3
331,5,6,8,9,1,6,6
332,8,4,8,8,4,5,3
333,8,4,5,7,3,7,8
334,2,0,7,7,9,9,6
335,2,7,3,8,7,3,2
336,6,4,5,6,9,3,9
337,5,8,6,8,7,2,2
338,9,5,2,8,0,9,7
339,1,2,8,6,5,7,6
340,6,1,0,7,0,7,9
341,4,9,4,6,6,6,2
342,4,7,2,7,0,7,9
343,3,6,6,8,4,1,8
344,8,1,6,6,3,8,0
345,0,9,8,8,6,0,4
346,8,1,7,8,6,9,3
347,7,5,4,8,2,8,8
348,0,8,0,9,1,4,8
349,5,8,2,9,3,4,8
350,7,3,6,7,7,7,6
351,6,0,8,7,7,5,5
352,7,9,9,6,6,5,3
353,6,6,0,8,6,4,0
354,9,2,2,8,0,1,3
355,2,9,7,8,2,0,0
356,9,7,0,8,9,5,5
357,4,1,0,7,7,9,1
358,8,3,5,8,7,8,5
359,0,6,4,9,7,9,7
360,2,4,8,7,2,2,0
361,8,5,5,9,3,3,5
362,2,9,8,7,8,5,5
363,8,6,5,6,4,3,7
364,9,1,0,6,1,4,8
365,2,5,9,8,7,9,3
366,4,5,2,9,2,2,9
367,1,8,9,9,3,9,4
368,8,5,8,8,9,6,6
369,8,2,5,7,1,1,3
370,2,6,1,7,1,0,1
371,8,9,5,9,2,9,3
372,4,7,4,7,5,3,5
373,4,7,3,7,7,6,1
374,2,7,7,6,3,5,6
375,4,4,5,7,6,9,1
376,9,7,8,9,0,7,6
377,4,8,9,7,7,2,3
378,3,5,9,8,5,2,4
379,0,2,6,8,3,8,4
380,1,6,4,8,4,2,8
381,6,0,7,6,5,3,5
382,6,6,1,9,5,8,8
383,5,3,2,9,2,6,7
384,9,4,1,9,5,7,1
385,2,1,3,6,4,0,5
386,6,3,6,7,0,2,3
387,9,8,3,9,4,0,6
388,5,3,2,6,0,2,4
389,7,1,4,7,3,5,1
390,3,7,5,7,8,8,7
391,1,0,9,8,1,4,8
392,3,3,5,6,2,4,4
393,5,7,0,8,0,2,6
394,2,5,4,9,8,4,8
395,7,9,9,8,3,1,6
396,5,4,7,9,5,6,5
397,5,8,1,6,1,8,9
398,3,4,3,8,7,1,2
399,8,0,7,9,6,5,8
400,9,1,8,6,9,5,2
401,8,7,3,7,6,9,3
402,5,7,8,8,4,6,0
403,9,8,9,6,3,3,9
404,1,8,6,6,4,3,9
405,0,6,8,7,9,1,7
406,0,4,3,7,7,5,1
407,5,5,8,7,9,4,9
408,9,3,0,7,0,2,6
409,8,5,5,8,2,4,5
410,1,9,5,6,9,2,4
411,3,8,8,8,3,6,2
412,7,6,2,6,8,2,4
413,6,0,5,6,3,7,4
414,1,5,2,9,3,3,9
415,5,1,4,6,7,5,5
416,4,6,7,7,2,3,1
417,3,6,3,6,6,7,6
418,4,5,6,8,5,8,0
419,3,3,5,6,6,4,1
420,4,1,2,7,6,4,9
421,0,6,0,7,3,5,2
422,7,9,2,7,8,4,9
423,4,9,6,9,0,1,4
424,9,8,4,8,9,5,6
425,3,5,6,7,3,6,5
426,5,1,3,6,9,1,4
427,4,5,1,9,9,2,4
428,7,0,5,7,8,0,9
429,8,5,5,8,7,3,2
430,5,3,5,6,4,7,9
431,3,6,6,8,5,1,7
432,0,9,5,9,8,9,5
433,5,1,3,6,7,7,2
434,7,6,9,7,9,8,9
435,7,0,6,8,0,2,0
436,5,4,1,9,1,8,1
437,3,5,3,7,8,3,7
438,3,1,2,8,9,4,3
439,0,3,2,7,9,9,3
440,5,5,9,9,2,7,3
441,9,4,8,7,5,9,0
442,7,1,7,8,9,8,4
443,2,5,3,9,5,0,5
444,0,4,1,7,3,3,2
445,7,1,6,9,0,2,1
446,5,4,0,7,9,2,3
447,7,2,9,8,7,3,7
448,7,2,1,6,9,4,0
449,8,7,4,8,9,9,3
450,5,9,9,7,4,3,3
451,9,2,9,8,7,7,4
452,4,6,8,9,1,8,0
453,0,3,5,8,1,1,0
454,5,5,4,9,4,0,2
455,1,0,5,7,9,8,0
456,6,3,7,9,7,2,4
457,7,9,9,9,9,3,2
458,5,3,4,9,4,7,4
459,6,2,5,9,8,7,3
460,6,3,7,8,5,6,7
461,1,2,7,6,6,0,5
462,4,9,8,6,9,7,0
463,3,6,4,7,0,0,9
464,9,4,5,6,3,2,2
465,0,8,8,6,2,4,0
466,3,5,3,9,2,3,3
467,3,9,2,6,6,7,1
468,4,9,2,9,1,5,1
469,3,9,6,9,0,6,5
470,8,1,0,7,2,7,2
471,4,9,4,9,5,1,6
472,1,3,7,6,7,0,4
473,9,3,1,8,6,0,3
474,7,1,4,7,9,3,2
475,3,4,0,8,7,5,7
476,4,8,8,6,5,4,2
477,2,7,2,7,8,7,4
478,9,5,8,9,6,3,1
479,9,2,6,6,7,8,6
480,3,2,0,8,6,1,5
481,9,1,1,9,7,8,4
482,2,2,9,9,3,7,4
483,7,9,1,7,0,4,9
484,7,2,7,6,3,2,1
485,7,1,7,7,9,7,0
486,9,9,2,9,7,1,8
487,4,3,9,8,4,4,2
488,3,9,3,6,6,3,6
489,1,4,8,8,0,2,8
490,3,7,1,9,4,2,1
491,0,9,1,6,6,5,3
492,6,3,5,7,4,9,0
493,8,4,3,9,6,7,6
494,1,5,6,9,9,5,1
495,7,8,0,7,6,4,3
496,6,6,2,6,8,0,7
497,7,0,9,8,9,1,3
498,2,8,1,7,4,9,9
499,2,2,9,6,1,7,3
500,8,7,2,7,8,6,3
501,8,7,4,6,7,2,3
502,6,5,0,8,1,9,5
503,4,3,7,7,8,5,2
504,4,1,4,6,3,9,8
505,4,6,6,6,6,4,4
506,5,4,6,7,3,8,9
507,4,9,9,8,7,8,4
508,2,0,2,7,7,3,3
509,7,7,8,9,0,1,6
510,2,8,8,9,8,5,1
511,1,0,6,8,4,4,1
512,4,6,2,8,6,1,5
513,5,6,1,9,2,7,3
514,1,8,2,6,6,5,4
515,1,6,3,8,0,0,8
516,0,4,4,6,4,8,1
517,8,6,0,7,8,9,2
518,8,4,1,9,1,7,4
519,8,4,1,8,9,5,0
520,8,3,5,8,2,9,0
521,6,0,0,8,9,8,6
522,5,6,1,9,7,1,3
523,1,0,3,7,2,8,4
524,9,0,0,6,6,0,6
525,1,1,0,8,1,0,4
526,7,9,3,9,1,0,2
527,9,0,6,6,9,7,5
528,8,9,0,9,5,3,3
529,5,5,3,9,7,9,4
530,3,9,2,9,5,8,5
531,7,1,9,8,1,4,5
532,6,9,3,8,8,3,0
533,7,2,3,8,5,3,6
534,4,5,5,7,7,7,6
535,5,1,5,7,8,3,8
536,6,7,6,6,9,4,2
537,8,5,9,9,6,5,8
538,7,6,9,9,2,9,9
539,4,5,4,7,8,5,9
540,9,4,5,7,5,9,1
541,9,0,1,7,6,7,5
542,6,8,2,8,6,7,5
543,8,8,9,7,7,2,1
544,7,0,3,8,7,9,3
545,6,2,1,7,6,0,8
546,6,0,2,6,2,3,0
547,5,7,2,8,8,0,2
548,9,1,0,9,0,4,6
549,3,4,1,9,6,6,2
550,5,9,6,9,6,8,3
551,9,0,9,9,8,9,7
552,7,7,5,8,5,4,1
553,4,2,7,9,1,2,1
554,2,9,7,9,7,2,4
555,7,1,4,6,8,5,8
556,0,7,2,7,1,2,0
557,2,2,5,7,1,2,4
558,2,0,7,9,2,2,5
559,5,4,0,7,8,5,0
560,9,7,9,9,5,5,9
561,9,6,2,6,0,8,6
562,7,3,5,8,8,8,5
563,1,8,3,8,6,8,1
564,6,8,4,8,2,3,3
565,5,6,8,8,7,9,1
566,0,3,2,7,2,4,3
567,9,3,8,9,0,2,9
568,8,4,5,9,5,7,6
569,9,9,8,8,9,9,7
570,7,0,9,6,8,6,6
571,3,3,0,9,0,6,6
572,0,2,3,8,4,6,8
573,7,0,0,9,9,7,0
574,0,1,7,8,2,5,6
575,8,6,6,9,4,4,2
576,4,4,1,6,8,2,9
577,6,3,8,7,3,1,7
578,6,2,8,7,8,1,2
579,4,7,0,7,5,3,0
580,3,9,7,6,7,6,0
581,8,0,0,7,2,4,7
582,1,1,3,6,3,4,3
583,6,4,1,6,1,7,5
584,5,2,2,6,4,1,1
585,5,9,4,8,4,2,3
586,3,6,8,8,3,2,6
587,0,2,6,6,6,8,3
588,3,4,6,7,6,7,8
589,1,8,0,9,3,8,5
590,8,4,2,9,7,3,3
591,8,7,2,8,8,8,8
592,9,6,6,8,9,1,8
593,7,3,1,9,6,3,2
594,7,6,4,9,2,6,7
595,9,5,9,9,1,7,7
596,5,0,9,9,3,5,3
597,0,5,6,8,5,8,4
598,2,5,2,9,1,8,4
599,9,7,0,9,2,4,2
600,3,0,7,7,6,8,9
601,5,4,1,9,6,5,7
602,7,1,3,6,5,7,7
603,6,8,7,8,8,3,5
604,4,3,2,6,9,4,3
605,7,2,3,9,6,1,2
606,6,5,4,6,4,5,7
607,0,1,2,6,7,7,7
608,5,2,4,9,5,8,7
609,0,2,4,6,4,8,5
610,1,2,0,9,1,8,7
611,7,0,9,8,6,8,6
612,1,0,2,6,0,6,7
613,7,8,0,6,9,7,7
614,3,2,7,8,3,6,8
615,6,6,8,6,3,2,7
616,4,9,2,9,7,7,4
617,4,2,1,6,7,5,3
618,9,1,1,8,0,0,0
619,2,6,3,6,3,6,3
620,4,5,4,7,1,6,8
621,3,3,1,9,3,0,5
622,8,8,0,8,9,1,8
623,7,1,8,9,0,6,3
624,8,8,3,8,3,5,3
625,2,7,1,9,0,8,8
626,1,2,4,8,7,6,0
627,1,2,2,8,6,6,0
628,1,0,2,9,6,9,9
629,0,1,7,9,0,1,3
630,0,7,2,7,4,2,2
631,2,6,2,8,0,5,5
632,9,9,8,7,4,0,6
633,6,8,8,7,4,9,6
634,1,8,6,6,9,6,2
635,7,6,4,8,1,0,8
636,9,7,3,8,6,6,8
637,8,0,1,7,1,8,4
638,2,1,6,9,2,3,0
639,8,5,6,8,7,7,6
640,7,7,6,8,6,7,8
641,8,3,5,7,9,4,1
642,7,7,1,9,8,5,8
643,4,9,3,7,9,2,2
644,9,8,5,7,7,9,1
645,9,8,7,8,0,2,6
646,8,0,8,9,9,8,8
647,0,6,8,8,9,4,0
648,4,8,5,6,1,0,6
649,3,1,3,7,5,5,0
650,7,6,2,7,0,9,6
651,4,3,4,9,3,5,6
652,0,6,4,7,1,8,0
653,3,6,9,9,3,3,9
654,8,3,8,9,7,3,7
655,9,4,4,6,9,5,5
656,3,5,3,9,8,9,3
657,2,6,6,6,3,7,6
658,0,6,8,8,7,9,9
659,8,8,0,7,0,7,7
660,0,2,0,8,2,6,9
661,1,4,4,9,9,7,7
662,5,6,6,7,4,8,7
663,5,3,8,7,5,3,4
664,5,0,3,9,9,8,4
665,6,1,9,9,4,4,0
666,1,0,1,9,9,3,6
667,3,8,3,6,2,0,3
668,4,0,9,8,1,6,1
669,1,6,0,8,5,2,2
670,2,5,6,6,1,9,4
671,6,2,9,6,4,1,5
672,4,5,6,8,6,9,9
673,6,6,0,9,8,4,1
674,2,8,9,8,3,1,4
675,0,6,6,9,9,5,4
676,0,9,8,8,6,9,0
677,3,6,9,8,3,8,5
678,4,3,0,7,6,8,9
679,5,0,8,8,2,1,9
680,4,2,6,8,8,3,2
681,1,5,2,8,3,3,1
682,4,3,9,6,1,4,4
683,2,9,9,7,8,6,1
684,1,4,6,9,6,2,9
685,7,4,0,7,2,6,1
686,1,2,8,7,7,2,3
687,6,3,0,9,7,1,4
688,7,1,7,6,6,7,3
689,9,7,0,8,7,0,8
690,6,0,8,7,2,9,7
691,1,8,5,8,2,9,2
692,9,0,8,9,5,7,3
693,3,7,3,8,4,9,8
694,3,8,3,7,0,9,6
695,3,8,1,6,2,9,8
696,2,3,7,9,5,3,2
697,8,4,6,9,0,2,6
698,3,7,0,7,5,4,5
699,9,2,7,9,9,6,0
700,4,0,2,9,3,2,1
701,4,1,2,9,1,8,6
702,5,7,1,9,1,3,5
703,4,9,2,8,0,3,1
704,3,7,6,6,3,8,8
705,1,4,7,7,6,9,3
706,6,0,5,6,5,5,1
707,4,1,8,6,8,7,1
708,4,5,2,7,2,9,5
709,2,2,0,6,4,3,7
710,1,5,3,8,6,1,2
711,1,5,8,9,5,7,9
712,0,5,6,7,5,7,9
713,0,8,0,7,9,9,4
714,2,0,0,7,6,8,2
715,5,3,0,9,7,5,2
716,6,9,0,7,0,5,2
717,2,6,6,9,7,3,4
718,1,8,6,9,4,4,1
719,8,8,4,9,8,3,7
720,2,9,5,7,0,6,7
721,3,5,1,8,9,0,6
722,4,6,8,7,7,6,2
723,9,9,7,9,1,5,2
724,7,8,7,6,0,0,4
725,1,3,9,9,7,8,2
726,2,1,2,8,2,6,5
727,4,8,6,6,9,2,9
728,2,2,8,6,5,4,4
729,9,9,1,6,1,4,1
730,8,0,5,8,1,3,1
731,6,7,9,9,3,5,7
732,7,0,5,8,6,7,8
733,5,2,7,7,3,0,2
734,1,2,1,7,0,3,5
735,6,2,9,9,6,3,0
736,6,7,8,7,7,1,3
737,6,9,3,7,8,3,0
738,9,1,1,7,2,7,5
739,7,8,4,9,9,0,1
740,1,7,6,7,8,5,1
741,6,2,0,6,4,1,9
742,9,9,3,8,4,0,8
743,7,2,2,7,6,9,4
744,0,5,9,7,1,7,5
745,4,9,4,6,0,9,2
746,3,8,9,6,8,9,6
747,1,5,1,6,5,3,0
748,4,4,0,8,8,8,5
749,9,9,6,7,8,0,9
750,1,7,6,8,6,4,8
751,9,4,6,8,8,7,8
752,0,5,3,6,4,0,6
753,4,2,2,9,7,0,8
754,4,6,8,9,1,4,6
755,8,5,5,6,5,4,5
756,8,9,9,9,2,7,3
757,9,5,5,7,6,1,3
758,2,3,1,9,5,2,5
759,9,6,7,7,9,5,1
760,7,9,8,7,1,6,9
761,6,4,6,7,6,5,0
762,1,1,5,9,4,7,1
763,3,1,9,7,7,4,9
764,3,6,4,9,3,8,8
765,1,6,9,6,8,8,2
766,2,8,3,8,0,0,4
767,0,3,0,6,0,6,5
768,3,7,1,6,4,1,0
769,1,6,6,6,9,7,1
770,4,4,2,6,8,8,5
771,9,3,1,6,9,5,9
772,4,8,8,8,3,8,2
773,0,7,7,7,8,1,3
774,2,0,0,8,4,1,7
775,0,9,2,7,5,1,7
776,0,9,7,9,3,8,1
777,3,4,3,6,9,7,2
778,2,5,8,6,4,0,4
779,4,1,9,6,2,0,5
780,2,9,0,9,9,1,7
781,0,0,0,8,5,5,1
782,8,2,4,9,0,4,5
783,9,2,1,7,6,8,7
784,9,7,2,6,7,4,9
785,8,6,2,7,6,7,8
786,4,4,5,9,7,8,9
787,8,4,3,7,4,8,9
788,7,1,0,6,8,0,7
789,1,0,6,9,1,8,9
790,8,5,9,8,6,2,5
791,1,5,9,9,4,0,2
792,9,5,5,9,8,0,5
793,2,8,9,8,3,3,3
794,4,9,8,7,1,4,8
795,6,6,6,7,4,3,6
796,6,2,8,7,1,6,1
797,5,5,0,7,1,1,2
798,3,0,7,8,3,5,6
799,4,2,5,8,9,1,0
800,9,6,2,6,7,9,7
801,8,1,6,6,3,9,4
802,3,6,4,9,3,5,1
803,8,9,0,8,9,2,2
804,1,9,2,9,4,1,3
805,1,8,4,8,2,3,0
806,0,8,3,6,1,9,9
807,0,7,7,8,1,2,1
808,4,9,4,6,5,5,7
809,1,7,9,7,6,6,6
810,1,6,6,7,1,8,9
811,8,2,9,8,4,8,5
812,7,6,2,7,7,3,0
813,3,4,8,8,0,6,2
814,9,3,2,6,8,0,6
815,8,9,2,6,1,9,3
816,7,5,4,6,2,4,1
817,7,5,5,7,5,1,2
818,7,3,8,6,8,7,4
819,1,5,0,7,7,7,3
820,9,0,7,8,2,6,0
821,5,9,7,6,1,2,4
822,3,8,1,7,7,2,2
823,0,9,2,7,0,1,8
824,5,2,9,7,9,4,3
825,0,4,3,8,0,1,2
826,2,5,1,6,0,6,2
827,8,1,7,9,1,2,5
828,1,7,3,6,0,7,2
829,1,7,0,9,6,8,2
830,4,6,6,6,0,2,8
831,6,5,0,7,9,0,0
832,6,3,3,6,6,3,8
833,6,4,2,9,7,7,0
834,5,2,1,7,5,0,9
835,7,7,0,9,8,2,5
836,6,8,1,8,9,5,0
837,3,4,2,8,4,2,1
838,8,9,8,9,7,8,7
839,1,0,1,8,6,0,9
840,4,2,2,7,2,3,2
841,7,9,2,8,0,9,4
842,9,6,8,9,8,6,8
843,5,0,9,6,0,7,3
844,1,7,1,9,6,4,1
845,2,7,9,9,1,8,4
846,8,9,3,6,9,2,4
847,7,3,9,8,4,1,8
848,5,4,9,9,0,4,6
849,8,1,8,6,4,3,8
850,2,4,5,7,6,6,2
851,4,1,4,6,5,7,5
852,1,3,9,8,4,9,7
853,9,8,1,7,5,1,9
854,6,2,2,7,9,5,6
855,3,7,8,8,1,2,1
856,0,6,3,8,1,5,6
857,1,5,8,7,3,6,6
858,6,8,2,9,8,1,1
859,9,6,0,8,7,7,7
860,0,2,3,6,3,1,7
861,5,4,1,6,9,8,1
862,6,7,1,6,1,8,9
863,4,1,8,7,9,8,8
864,1,0,2,7,8,5,4
865,7,5,6,9,1,3,8
866,2,0,1,9,8,4,3
867,3,0,1,7,9,4,6
868,4,0,4,9,1,1,7
869,1,6,8,8,0,8,5
870,0,2,3,8,4,5,1
871,5,6,1,9,6,0,5
872,2,7,2,7,3,5,4
873,5,1,0,8,5,2,7
874,9,1,5,8,6,2,7
875,6,5,3,8,9,8,4
876,1,7,8,7,7,7,3
877,8,1,1,7,5,5,4
878,0,1,6,8,3,1,3
879,9,8,9,8,8,7,3
880,9,6,3,6,7,5,1
881,6,6,1,9,6,2,2
882,4,6,2,6,4,4,7
883,3,3,1,7,1,2,8
884,1,0,0,9,8,5,4
885,1,5,7,6,8,3,0
886,0,4,0,7,4,9,6
887,8,0,0,6,9,3,5
888,0,4,6,9,6,7,9
889,5,7,4,9,1,8,7
890,6,1,5,9,6,0,2
891,7,0,8,8,4,4,2
892,4,5,1,6,6,7,0
893,9,8,9,7,4,5,6
894,7,7,3,8,6,3,2
895,7,8,9,9,7,1,4
896,0,6,5,9,7,3,0
897,8,9,0,9,7,5,9
898,8,5,1,6,0,7,2
899,0,8,8,6,3,4,9
900,7,6,0,7,7,0,4
901,4,5,1,8,4,5,4
902,3,6,1,6,5,5,0
903,5,2,9,8,6,4,1
904,3,9,3,9,4,6,2
905,0,7,8,7,4,8,9
906,8,2,7,6,4,7,8
907,3,3,0,8,8,8,7
908,5,7,4,7,8,6,6
909,8,2,2,9,7,6,8
910,6,8,8,6,5,0,5
911,3,1,5,8,4,4,1
912,3,0,7,9,5,2,2
913,4,8,9,7,7,5,1
914,7,4,5,9,7,0,6
915,8,6,1,9,0,4,5
916,7,4,3,6,7,8,3
917,9,7,5,9,5,4,0
918,8,1,9,7,0,8,0
919,8,0,3,9,0,2,0
920,3,6,5,7,7,4,7
921,7,2,1,9,4,1,3
922,0,3,9,6,7,6,9
923,3,1,3,7,5,8,0
924,3,4,1,9,3,4,6
925,2,7,1,9,6,7,9
926,7,0,0,8,2,0,4
927,9,1,9,9,8,2,4
928,6,0,9,6,7,5,5
929,8,6,0,8,7,2,2
930,9,1,4,6,2,5,3
931,4,7,9,6,6,5,5
932,0,6,2,8,1,0,5
933,7,3,5,7,1,6,1
934,5,1,4,7,8,8,3
935,2,1,2,8,3,4,9
936,2,5,7,8,2,9,5
937,8,0,0,6,3,0,7
938,4,6,7,6,7,5,2
939,9,3,3,9,8,8,1
940,0,3,5,9,9,8,7
941,7,8,2,9,7,3,9
942,6,6,6,8,5,9,0
943,9,8,1,8,9,8,6
944,0,6,1,6,5,0,4
945,7,3,4,9,5,9,6
946,4,3,4,8,7,8,8
947,2,1,9,8,7,9,9
948,1,5,2,8,8,8,6
949,0,3,9,7,9,9,9
950,5,2,6,9,3,8,6
951,6,4,6,8,6,5,6
952,1,1,3,7,7,7,8
953,8,1,5,8,8,4,4
954,5,6,9,8,4,7,0
955,1,9,8,6,3,3,9
956,6,4,3,7,6,4,3
957,2,8,5,9,0,3,3
958,3,7,8,7,8,8,6
959,5,8,8,9,4,3,2
960,7,8,8,9,4,5,9
961,9,0,1,6,2,4,4
962,0,4,8,8,0,4,6
963,7,3,7,8,7,7,7
964,1,1,4,8,3,5,2
965,6,2,8,8,0,6,6
966,1,4,0,6,9,6,2
967,6,1,2,7,3,9,1
968,8,0,7,6,9,1,4
969,3,5,4,9,8,3,3
970,5,7,0,6,6,3,0
971,1,5,1,9,5,9,0
972,9,9,3,7,3,1,1
973,8,4,1,7,7,5,6
974,2,1,3,7,4,4,8
975,6,6,5,9,9,2,5
976,8,8,1,6,9,3,8
977,6,0,7,7,8,7,0
978,5,5,2,7,3,0,8
979,7,0,7,9,3,3,0
980,7,9,2,8,2,5,8
981,2,4,0,7,4,0,4
982,9,3,7,9,0,7,1
983,6,9,1,7,0,6,1
984,1,2,5,9,9,7,6
985,1,7,9,7,4,2,4
986,7,3,5,8,6,6,4
987,0,3,3,8,3,8,9
988,5,1,7,9,8,4,7
989,4,2,0,6,7,0,6
990,9,7,7,6,4,6,1
991,2,4,6,8,2,5,5
992,3,0,4,9,3,0,9
993,8,5,2,8,0,8,7
994,8,3,1,7,2,9,7
995,1,4,2,9,3,9,6
996,7,1,2,6,5,7,6
997,4,0,6,9,9,6,8
998,1,8,6,8,6,8,7
999,7,4,0,6,0,1,9
1000,0,2,1,8,4,1,4
1001,1,4,8,6,7,8,2
1002,9,3,4,8,1,3,0
1003,2,1,4,9,9,0,9
1004,6,6,9,7,2,3,6
1005,6,0,7,9,5,0,6
1006,9,0,5,8,7,2,6
1007,1,8,5,8,2,3,4
1008,5,4,6,9,2,6,8
1009,4,9,2,7,7,9,6
1010,9,0,2,9,4,2,5
1011,3,3,3,7,2,0,9
1012,9,8,6,7,5,5,4
1013,5,6,2,9,4,4,0
1014,7,0,9,8,0,6,1
1015,8,7,7,9,7,9,6
1016,2,7,0,7,1,5,2
1017,7,7,8,7,2,2,3
1018,8,2,7,9,6,3,0
1019,5,8,7,7,4,6,1
1020,2,3,3,7,1,6,3
1021,6,6,6,7,1,6,9
1022,1,6,5,8,8,9,0
1023,8,8,9,9,7,9,2
1024,7,8,9,7,8,8,0
1025,7,3,4,6,7,3,3
1026,3,8,4,7,2,0,2
1027,4,3,1,9,6,8,4
1028,7,0,3,6,8,1,8
1029,8,6,3,6,3,4,1
1030,4,5,4,8,8,1,8
1031,0,2,3,9,6,0,8
1032,8,1,5,8,3,9,0
1033,5,0,1,7,2,4,5
1034,8,7,3,9,1,3,0
1035,5,8,5,9,3,0,5
1036,0,8,3,7,7,7,8
1037,6,3,1,6,8,6,6
1038,8,9,0,6,0,7,4
1039,7,7,1,6,3,0,7
1040,7,4,2,9,8,9,4
1041,4,6,5,6,2,9,2
1042,0,4,4,9,1,7,0
1043,9,1,2,6,0,7,1
1044,2,5,2,7,2,2,4
1045,2,0,2,8,9,4,0
1046,5,1,0,8,9,7,8
1047,3,8,7,7,3,4,9
1048,6,7,1,6,5,5,2
1049,5,2,6,8,1,8,6
1050,9,9,4,9,7,8,7
1051,0,6,0,8,1,4,3
1052,9,4,6,8,7,4,2
1053,3,7,2,7,3,7,6
1054,3,7,7,9,3,7,5
1055,7,1,1,8,6,2,6
1056,5,6,3,6,6,4,2
1057,1,0,9,7,6,4,0
1058,8,5,7,9,7,6,3
1059,7,0,1,6,0,4,9
1060,5,0,1,6,4,2,4
1061,4,2,9,7,0,3,9
1062,6,3,0,8,1,2,5
1063,5,2,4,7,4,7,5
1064,4,3,5,8,7,2,3
1065,4,9,5,9,5,3,1
1066,8,1,8,6,7,2,3
1067,2,5,8,9,6,3,7
1068,2,3,4,6,4,7,8
1069,4,0,0,9,2,4,6
1070,2,8,8,7,4,5,6
1071,6,2,2,7,8,8,7
1072,7,1,7,7,6,2,5
1073,6,2,7,6,8,7,4
1074,9,0,6,8,4,5,1
1075,4,7,8,7,1,5,7
1076,3,8,1,8,5,6,1
1077,6,8,4,7,3,9,8
1078,0,7,5,7,6,8,0
1079,1,9,5,9,6,1,9
1080,5,2,3,8,3,6,5
1081,1,3,0,9,6,1,0
1082,3,0,5,6,4,6,9
1083,9,7,8,6,4,8,8
1084,6,2,2,7,8,8,4
1085,8,1,6,8,4,1,4
1086,4,2,0,9,4,9,7
1087,5,7,4,8,9,0,2
1088,9,7,4,8,2,0,2
1089,0,8,3,6,1,9,9
1090,9,8,5,8,3,0,6
1091,2,0,5,7,2,3,5
1092,8,6,3,9,1,8,9
1093,6,3,2,6,3,0,9
1094,9,9,8,6,9,6,6
1095,0,4,1,7,7,7,6
1096,6,1,4,9,1,8,7
1097,2,8,0,8,3,2,0
1098,0,8,8,8,9,2,5
1099,4,0,1,9,7,5,5
1100,4,7,1,9,4,6,7
1101,9,0,5,7,2,7,5
1102,2,1,0,7,2,7,2
1103,3,6,5,7,2,4,7
1104,5,6,7,7,0,3,2
1105,5,9,3,8,2,3,9
1106,8,4,0,8,1,9,5
1107,2,3,0,8,1,2,7
1108,6,2,4,7,1,3,6
1109,2,7,1,6,2,0,7
1110,7,6,8,6,6,3,1
1111,2,1,5,8,7,4,7
1112,9,9,2,8,8,6,5
1113,4,3,6,8,9,4,6
1114,2,6,0,9,4,7,8
1115,6,2,9,8,9,9,0
1116,9,8,2,8,4,6,8
1117,3,8,5,9,8,0,7
1118,5,0,9,8,9,4,3
1119,6,5,6,6,6,4,2
1120,9,4,4,6,9,3,7
1121,6,6,3,8,6,7,8
1122,0,5,8,7,4,3,2
1123,6,0,0,7,4,5,9
1124,1,2,3,9,5,6,1
1125,8,9,1,8,7,9,5
1126,8,0,1,8,0,3,1
1127,6,3,5,9,5,5,8
1128,5,8,6,6,2,7,1
1129,9,0,3,8,9,3,2
1130,2,8,0,7,4,8,4
1131,5,6,4,8,8,6,8
1132,9,7,3,8,5,2,1
1133,6,4,7,6,4,7,0
1134,4,3,2,9,4,6,6
1135,1,3,6,7,4,0,8
1136,4,6,0,6,5,5,8
1137,7,6,7,6,6,1,9
1138,6,9,3,8,7,0,5
1139,8,4,0,8,5,8,4
1140,8,2,1,9,2,2,4
1141,5,8,2,8,3,9,7
1142,9,6,7,6,0,5,5
1143,1,7,5,7,0,6,8
1144,6,4,9,6,1,3,3
1145,5,8,5,8,0,4,5
1146,2,2,6,7,6,4,6
1147,1,1,3,8,3,6,7
1148,8,6,2,9,0,5,6
1149,4,9,5,6,1,6,2
1150,4,9,6,8,2,4,4
1151,9,7,6,8,6,2,3
1152,6,5,8,9,4,8,6
1153,6,8,2,7,2,7,8
1154,4,9,0,8,4,0,7
1155,9,8,6,6,9,6,7
1156,1,9,1,6,1,5,8
1157,2,3,1,8,3,0,0
1158,0,4,9,6,4,6,4
1159,3,6,0,7,0,6,2
1160,2,8,4,8,4,7,3
1161,4,3,9,7,4,4,4
1162,3,9,4,7,1,2,9
1163,9,9,9,9,9,1,6
1164,9,7,9,9,8,0,1
1165,4,0,2,7,5,1,5
1166,0,9,2,8,8,9,9
1167,7,2,8,6,8,4,7
1168,8,3,2,6,9,3,9
1169,6,7,3,6,6,8,8
1170,1,5,2,8,1,4,7
1171,9,7,7,7,1,6,9
1172,8,3,3,8,0,7,1
1173,7,4,7,9,2,1,7
1174,3,8,0,8,0,0,0
1175,0,1,8,6,8,8,0
1176,3,1,4,8,1,9,7
1177,1,5,9,8,6,0,0
1178,4,1,1,6,2,7,5
1179,8,8,2,9,0,6,3
1180,8,7,0,6,8,9,6
1181,1,7,9,7,4,1,6
1182,1,7,0,8,0,4,9
1183,2,4,7,7,0,9,9
1184,8,2,8,6,6,7,4
1185,5,5,2,6,0,9,6
1186,9,2,6,7,7,6,0
1187,2,6,2,6,1,3,1
1188,4,3,5,6,5,0,4
1189,1,5,5,6,5,2,8
1190,6,6,5,6,6,9,2
1191,5,9,2,7,9,7,5
1192,4,8,1,7,2,4,0
1193,9,2,5,6,2,3,2
1194,4,2,4,6,3,6,7
1195,1,2,9,9,5,9,8
1196,0,0,9,8,0,7,2
1197,4,6,1,6,9,0,0
1198,5,8,9,8,4,3,5
1199,2,7,4,6,5,5,3
1200,3,6,7,8,6,6,5
1201,8,9,2,9,5,1,7
1202,2,8,8,6,2,7,2
1203,8,5,0,8,8,0,9
1204,7,5,6,8,0,7,3
1205,2,0,7,9,2,6,5
1206,3,2,4,6,4,8,8
1207,9,9,6,9,9,7,7
1208,3,8,6,7,6,1,7
1209,0,4,9,9,9,6,5
1210,0,4,4,8,3,6,7
1211,4,4,8,8,5,5,0
1212,7,5,4,9,7,9,8
1213,3,1,7,8,1,8,4
1214,9,0,5,6,2,3,6
1215,9,3,4,7,7,2,6
1216,9,2,2,8,6,8,6
1217,7,6,8,6,6,3,8
1218,5,5,0,7,5,2,2
1219,0,4,2,7,1,8,9
1220,3,5,4,9,5,7,9
1221,1,0,5,8,4,8,6
1222,2,4,7,7,9,3,0
1223,8,2,8,7,0,7,4
1224,4,4,1,9,7,0,6
1225,8,4,9,8,3,0,0
1226,0,3,1,7,7,5,0
1227,6,6,1,6,9,4,1
1228,2,6,2,6,6,7,8
1229,5,0,5,8,0,1,9
1230,4,6,8,7,1,5,3
1231,6,8,7,9,5,6,4
1232,3,3,2,8,3,8,5
1233,0,3,8,8,1,2,7
1234,0,7,8,7,7,7,3
1235,5,3,3,7,1,5,0
1236,7,4,4,8,4,6,2
1237,2,3,2,6,0,0,6
1238,0,7,3,7,1,2,7
1239,7,2,1,8,7,6,6
1240,4,1,4,6,9,5,8
1241,3,2,5,9,5,6,6
1242,8,9,9,6,2,8,5
1243,1,7,0,6,1,9,6
1244,2,2,8,6,2,6,8
1245,1,1,4,6,9,8,1
1246,3,7,0,6,6,7,7
1247,6,9,3,8,5,6,4
1248,1,2,1,8,4,8,2
1249,5,9,5,9,2,7,2
1250,9,8,9,7,3,2,8
1251,4,4,1,9,2,1,4
1252,9,6,2,8,1,4,3
1253,7,9,9,7,3,3,8
1254,5,0,7,9,9,7,3
1255,9,6,2,7,5,9,5
1256,8,9,0,6,0,5,9
1257,7,3,7,9,6,8,9
1258,8,3,0,7,1,8,3
1259,1,6,9,9,6,3,4
1260,7,4,7,6,9,3,5
1261,0,7,6,6,6,7,0
1262,3,9,5,6,2,2,5
1263,9,4,9,9,6,4,8
1264,9,4,4,6,9,1,2
1265,6,0,0,6,8,0,1
1266,9,2,0,8,0,8,4
1267,5,4,5,7,1,4,8
1268,2,8,9,8,1,9,3
1269,2,7,8,7,6,4,0
1270,1,7,0,8,8,7,6
1271,9,0,7,9,8,6,3
1272,9,6,1,8,9,4,6
1273,6,6,3,7,4,5,7
1274,5,2,7,6,4,4,3
1275,1,0,8,8,9,1,8
1276,4,9,7,8,6,8,4
1277,5,7,9,7,1,4,6
1278,8,1,2,8,8,9,7
1279,8,7,5,9,6,1,5
1280,6,9,9,9,8,1,5
1281,8,9,1,9,0,8,9
1282,2,8,7,6,4,7,8
1283,6,0,6,8,5,7,6
1284,4,1,6,7,9,8,8
1285,9,6,4,7,9,9,6
1286,2,7,8,9,8,7,6
1287,3,8,2,9,7,6,7
1288,9,7,1,9,2,4,1
1289,3,9,7,9,8,7,7
1290,0,2,3,7,1,4,0
1291,0,9,5,6,3,6,1
1292,9,6,5,8,7,3,4
1293,2,2,9,6,1,3,4
1294,7,9,2,6,7,1,6
1295,8,7,6,6,6,2,7
1296,0,3,6,6,1,5,3
1297,3,4,0,9,3,6,9
1298,8,7,0,6,1,7,6
1299,8,1,6,6,5,5,0
1300,8,0,4,8,0,2,8
1301,6,6,9,9,0,6,3
1302,6,7,1,7,2,7,1
1303,3,6,6,7,2,9,3
1304,0,3,6,8,2,1,0
1305,3,0,7,7,0,3,5
1306,0,6,3,8,6,0,2
1307,8,3,5,9,9,2,7
1308,1,7,7,7,7,7,6
1309,1,8,2,7,3,7,6
1310,5,2,7,6,4,2,3
1311,6,3,7,8,9,0,6
1312,7,3,2,6,9,1,5
1313,6,8,3,9,6,5,8
1314,4,6,6,9,3,6,0
1315,4,8,9,9,6,5,4
1316,3,1,0,6,4,8,4
1317,2,0,4,6,3,9,8
1318,3,0,1,7,8,5,2
1319,3,2,2,9,0,3,0
1320,2,9,3,8,5,3,5
1321,3,9,7,8,8,2,9
1322,2,8,2,9,1,8,8
1323,0,8,8,6,6,8,0
1324,9,6,6,7,7,9,8
1325,1,6,8,6,5,1,0
1326,2,0,4,7,0,9,5
1327,2,9,0,9,2,2,6
1328,0,5,8,7,4,3,4
1329,2,5,0,9,1,5,7
1330,1,4,6,8,7,6,9
1331,3,2,3,6,8,7,7
1332,0,0,6,7,9,6,9
1333,8,4,5,6,3,6,7
1334,1,4,0,6,0,8,9
1335,4,3,8,9,7,8,2
1336,0,0,8,8,8,5,5
1337,2,7,8,7,4,1,6
1338,0,0,4,6,8,8,1
1339,9,0,9,8,0,3,2
1340,0,9,2,9,3,2,6
1341,3,1,9,7,1,8,4
1342,4,5,1,6,3,4,3
1343,5,1,3,9,1,4,1
1344,8,1,8,7,2,8,1
1345,4,0,7,9,6,3,4
1346,8,7,4,9,6,6,9
1347,7,1,7,6,5,8,4
1348,4,0,8,8,9,6,9
1349,1,8,7,9,2,7,2
1350,5,2,9,9,3,5,3
1351,3,7,9,7,7,4,9
1352,2,0,1,9,2,3,2
1353,3,0,1,7,8,5,3
1354,8,4,7,9,9,1,0
1355,0,1,4,9,2,0,5
1356,6,5,8,6,9,6,1
1357,5,3,9,8,5,7,7
1358,9,4,9,6,8,4,5
1359,6,1,2,8,8,0,5
1360,9,2,4,9,7,5,5
1361,9,2,8,9,6,5,9
1362,5,9,0,8,7,2,0
1363,0,8,9,7,3,6,2
1364,5,9,9,9,4,4,9
1365,1,5,8,6,4,4,6
1366,6,1,2,7,8,2,6
1367,5,5,7,8,8,4,5
1368,9,9,6,8,1,8,9
1369,9,1,7,9,4,6,5
1370,4,9,5,6,2,8,7
1371,4,5,8,7,0,8,0
1372,5,6,5,9,4,9,0
1373,2,4,7,9,8,7,8
1374,1,4,7,7,2,5,8
1375,8,2,8,8,2,1,0
1376,8,1,8,9,1,3,3
1377,4,0,3,9,8,7,4
1378,8,7,2,6,4,6,2
1379,0,9,9,9,1,3,3
1380,9,0,7,6,9,0,8
1381,5,9,1,9,0,5,2
1382,8,3,7,9,5,0,0
1383,1,4,1,6,2,4,7
1384,5,5,5,8,9,3,7
1385,1,4,3,6,3,0,2
1386,8,1,2,9,2,8,4
1387,0,2,9,6,2,8,9
1388,6,8,0,9,4,1,4
1389,5,8,4,8,8,9,8
1390,2,9,4,8,0,7,9
1391,5,1,1,9,6,9,7
1392,1,9,1,7,7,0,5
1393,0,0,0,9,0,1,6
1394,6,5,1,7,9,4,6
1395,1,5,2,6,3,2,8
1396,0,9,2,7,5,3,0
1397,9,1,5,8,6,5,0
1398,5,5,4,9,4,7,0
1399,1,9,0,6,3,4,5
1400,1,2,8,8,1,5,2
1401,6,4,6,9,1,0,0
1402,0,0,9,6,4,9,7
1403,1,5,1,8,4,7,1
1404,1,2,7,8,6,6,7
1405,6,5,3,6,0,7,1
1406,4,3,6,7,4,7,3
1407,6,6,1,8,9,7,7
1408,8,8,8,6,6,7,5
1409,8,5,0,6,9,6,4
1410,1,6,5,7,6,1,9
1411,0,0,3,7,7,1,9
1412,5,2,4,8,3,4,2
1413,9,0,6,6,3,7,2
1414,1,5,0,7,8,2,4
1415,7,6,1,9,3,9,9
1416,7,8,1,7,5,4,4
1417,3,6,8,7,8,4,3
1418,3,5,9,6,6,3,5
1419,7,9,7,9,9,9,8
1420,9,1,6,7,2,5,6
1421,7,6,9,6,6,2,3
1422,2,0,8,7,1,2,0
1423,4,5,3,8,4,5,2
1424,9,1,7,8,0,4,3
1425,2,4,7,8,5,1,2
1426,0,5,4,6,2,0,8
1427,1,2,3,9,7,3,7
1428,7,8,2,8,9,0,4
1429,5,5,0,6,6,6,6
1430,8,2,2,7,7,6,7
1431,5,7,1,8,9,4,9
1432,5,4,3,6,2,0,2
1433,6,5,7,8,1,0,5
1434,3,5,7,6,6,8,7
1435,4,0,5,9,4,2,0
1436,5,4,5,8,8,1,9
1437,9,3,2,6,7,6,1
1438,7,3,4,7,8,1,0
1439,3,7,1,7,3,4,3
1440,6,3,4,9,7,5,1
1441,7,7,5,8,7,8,4
1442,7,6,5,8,8,9,5
1443,4,6,3,7,3,5,7
1444,3,2,1,8,2,0,6
1445,3,6,8,6,5,2,1
1446,9,1,9,9,7,8,9
1447,3,2,9,8,1,2,1
1448,4,4,3,7,7,7,5
1449,7,0,3,9,8,5,5
1450,3,7,8,9,8,4,7
1451,0,1,8,7,5,9,5
1452,3,9,8,8,1,0,9
1453,0,3,1,6,9,8,7
1454,6,8,0,8,3,4,6
1455,6,1,9,8,7,1,2
1456,9,8,6,9,9,2,8
1457,9,1,9,8,6,2,9
1458,8,0,6,9,3,0,8
1459,1,3,6,9,7,9,7
1460,8,2,2,8,5,4,8
1461,0,3,5,8,1,8,3
1462,0,6,4,7,8,3,3
1463,1,1,7,9,8,5,7
1464,4,9,0,8,1,4,2
1465,5,2,5,8,7,8,8
1466,4,1,0,8,7,5,0
1467,8,8,4,6,1,6,4
1468,4,6,3,6,8,0,9
1469,7,2,3,7,7,6,4
1470,7,6,9,6,5,5,7
1471,8,9,8,8,7,7,2
1472,8,1,3,7,5,6,8
1473,0,9,0,6,4,1,1
1474,6,9,9,7,3,9,0
1475,6,9,7,6,4,5,1
1476,3,9,3,6,4,6,6
1477,8,0,5,9,6,3,4
1478,8,5,8,9,0,1,7
1479,0,1,6,6,8,5,4
1480,1,8,9,9,9,1,8
1481,8,6,7,7,9,9,4
1482,8,5,3,6,8,7,5
1483,8,3,6,6,0,7,5
1484,5,0,4,7,7,2,7
1485,3,2,9,8,0,0,4
1486,8,2,8,7,7,7,4
1487,6,0,2,9,1,5,3
1488,7,8,6,7,0,1,3
1489,0,6,4,7,8,9,7
1490,0,8,8,7,9,8,3
1491,2,3,1,7,5,1,8
1492,5,9,6,9,6,0,9
1493,4,9,3,7,5,8,6
1494,5,2,7,7,1,1,7
1495,4,5,2,8,4,6,4
1496,8,3,4,6,1,6,1
1497,2,6,4,6,2,1,4
1498,0,1,4,7,6,3,7
1499,0,3,3,7,7,8,9
1500,7,0,6,6,1,9,9
1501,8,9,8,6,2,9,0
1502,0,8,0,9,9,8,0
1503,8,7,2,8,9,1,5
1504,9,3,9,7,9,4,2
1505,9,5,2,7,6,5,9
1506,3,4,5,8,5,1,7
1507,8,6,2,6,8,2,6
1508,8,9,8,6,6,1,7
1509,8,7,5,8,6,2,2
1510,6,3,5,6,0,8,1
1511,6,3,8,9,2,7,2
1512,7,1,9,8,3,5,8
1513,2,2,1,6,5,8,1
1514,4,9,5,8,7,0,4
1515,9,6,3,7,0,6,0
1516,4,7,5,9,0,1,6
1517,0,1,6,9,8,7,5
1518,7,0,7,6,2,8,3
1519,4,2,5,6,0,5,9
1520,2,3,1,9,8,5,1
1521,8,6,2,9,2,6,8
1522,4,0,1,7,2,7,5
1523,8,8,2,7,4,8,6
1524,6,1,1,8,3,9,0
1525,7,7,3,6,8,2,1
1526,3,8,0,6,9,7,4
1527,2,4,3,7,0,6,6
1528,8,8,4,7,9,5,3
1529,6,9,8,6,0,9,3
1530,6,4,0,8,4,4,4
1531,7,0,1,8,6,2,5
1532,5,8,9,6,1,5,0
1533,2,3,6,7,1,6,2
1534,2,9,5,7,5,5,3
1535,9,8,2,8,8,2,9
1536,6,7,3,8,9,7,0
1537,8,5,2,8,6,0,9
1538,2,6,7,7,1,1,5
1539,2,5,7,7,5,8,3
1540,0,9,6,8,8,9,2
1541,8,3,7,7,0,1,4
1542,6,3,6,9,3,1,7
1543,9,2,3,6,1,7,4
1544,2,0,0,6,3,5,7
1545,9,3,4,7,0,6,0
1546,8,3,4,7,4,8,7
1547,2,3,2,6,6,5,3
1548,7,8,8,6,7,1,0
1549,1,9,2,9,8,9,6
1550,0,4,6,7,0,2,7
1551,6,9,4,9,6,1,0
1552,8,5,5,9,6,1,6
1553,8,5,9,6,7,0,8
1554,5,8,1,7,5,7,3
1555,9,2,1,6,1,0,3
1556,8,4,0,6,6,3,6
1557,6,9,7,7,6,6,2
1558,6,7,4,7,4,6,1
1559,9,6,9,7,3,4,9
1560,7,1,6,8,0,8,4
1561,5,0,4,6,0,9,9
1562,8,7,0,9,5,4,4
1563,0,7,7,9,2,5,6
1564,6,1,5,9,9,2,0
1565,4,5,7,7,1,4,4
1566,7,4,7,8,9,4,0
1567,4,3,7,7,2,8,6
1568,2,4,4,6,0,2,2
1569,6,5,7,6,1,3,5
1570,8,9,7,7,0,7,2
1571,2,7,4,7,9,8,9
1572,8,5,7,6,8,5,3
1573,9,9,7,6,8,8,5
1574,3,9,5,6,0,0,5
1575,8,8,3,8,8,3,2
1576,4,3,3,8,3,7,8
1577,1,6,3,7,6,4,9
1578,8,0,3,6,2,8,2
1579,6,9,6,9,0,8,1
1580,2,4,9,6,7,9,0
1581,8,9,6,8,5,6,1
1582,3,8,5,7,1,2,3
1583,2,9,1,9,3,2,1
1584,6,4,9,7,4,2,2
1585,4,7,6,6,9,3,8
1586,4,9,6,8,1,3,1
1587,1,7,6,6,8,6,5
1588,1,1,9,8,9,0,0
1589,6,7,8,7,0,8,9
1590,2,9,1,7,7,8,5
1591,3,4,0,6,5,1,0
1592,2,4,2,8,2,6,5
1593,0,3,1,9,7,2,1
1594,6,9,8,7,3,6,8
1595,8,7,3,8,1,3,1
1596,0,9,3,6,6,5,4
1597,9,4,7,9,5,3,2
1598,7,6,7,8,3,6,2
1599,6,2,4,8,8,4,9
1600,8,2,2,7,6,9,1
1601,6,2,5,6,9,3,8
1602,6,6,4,6,4,8,5
1603,5,0,5,9,1,9,8
1604,8,9,6,6,3,5,7
1605,8,1,8,9,4,1,7
1606,9,6,5,6,6,2,8
1607,8,4,6,7,5,0,4
1608,7,7,8,9,3,1,8
1609,1,6,0,9,6,7,6
1610,0,4,8,7,3,9,5
1611,4,4,3,6,4,2,8
1612,6,6,0,9,3,5,6
1613,2,2,1,8,0,0,7
1614,1,8,9,9,9,0,2
1615,7,5,1,7,2,1,5
1616,9,4,8,8,4,8,4
1617,2,5,2,9,1,9,8
1618,8,4,6,6,0,6,8
1619,0,7,5,6,4,8,9
1620,5,1,7,9,9,8,9
1621,6,0,1,6,9,6,7
1622,6,1,3,6,5,8,6
1623,1,7,5,7,2,5,6
1624,2,9,2,7,4,2,1
1625,5,6,5,9,8,0,7
1626,0,6,9,9,8,4,0
1627,3,7,7,8,0,0,0
1628,9,0,0,9,1,7,3
1629,8,6,6,7,6,6,6
1630,4,5,7,8,6,8,0
1631,8,4,6,8,9,4,9
1632,1,1,0,7,0,7,0
1633,8,8,6,8,2,4,7
1634,6,1,7,8,4,6,7
1635,7,2,9,6,7,6,0
1636,1,0,8,7,2,6,9
1637,7,0,3,6,5,8,5
1638,7,7,2,8,5,0,0
1639,2,1,6,8,3,0,8
1640,6,6,2,7,0,2,5
1641,5,8,9,6,4,4,1
1642,9,1,3,6,8,8,4
1643,9,1,2,7,3,9,6
1644,6,7,8,6,9,2,6
1645,7,5,2,7,3,2,3
1646,0,7,2,7,7,4,2
1647,6,7,1,7,8,5,8
1648,9,7,5,6,9,4,3
1649,9,3,4,7,9,0,8
1650,4,4,9,7,2,0,5
1651,6,0,3,6,8,2,1
1652,2,0,4,7,2,8,3
1653,1,7,4,8,0,5,3
1654,8,1,0,8,0,6,4
1655,9,1,2,9,9,4,8
1656,7,6,9,7,5,3,6
1657,5,4,0,7,4,3,5
1658,1,8,5,9,7,9,7
1659,2,1,9,8,9,5,2
1660,5,9,0,7,1,1,9
1661,9,0,7,7,3,3,7
1662,7,6,7,9,5,0,5
1663,5,9,7,8,7,5,9
1664,4,8,7,9,1,9,0
1665,0,4,5,7,6,5,9
1666,9,6,0,6,3,6,6
1667,4,2,9,7,9,6,9
1668,8,6,1,6,0,8,9
1669,7,9,4,6,6,6,9
1670,2,7,0,7,4,9,8
1671,9,0,4,6,3,8,0
1672,1,1,5,9,9,2,2
1673,4,7,6,8,1,8,3
1674,8,9,1,7,1,1,7
1675,5,0,2,8,8,4,9
1676,1,8,4,8,9,7,7
1677,3,8,5,9,8,9,2
1678,2,5,4,9,6,8,7
1679,0,7,1,6,6,1,1
1680,8,3,5,9,4,6,8
1681,1,5,7,9,4,9,5
1682,3,4,1,7,1,2,4
1683,0,9,3,7,4,0,8
1684,0,5,6,9,2,8,0
1685,3,4,0,9,5,4,4
1686,2,3,9,8,4,9,8
1687,9,8,4,8,0,4,9
1688,3,6,0,7,7,6,4
1689,9,3,9,7,3,9,6
1690,5,2,5,8,2,2,4
1691,4,3,8,6,0,9,8
1692,5,7,0,8,7,4,5
1693,0,4,4,7,8,9,3
1694,8,0,5,7,4,2,8
1695,8,1,4,9,9,1,0
1696,8,9,5,6,6,1,8
1697,8,0,9,7,7,3,7
1698,9,4,7,6,0,9,4
1699,7,4,1,9,2,5,6
1700,3,8,5,6,2,6,9
1701,1,4,2,6,7,2,3
1702,1,9,1,6,7,9,6
1703,6,8,0,6,0,6,7
1704,5,8,4,9,6,8,7
1705,3,2,5,8,8,3,6
1706,0,9,9,6,1,2,0
1707,3,6,7,8,2,7,8
1708,2,3,0,8,4,2,7
1709,5,6,6,7,3,3,4
1710,1,6,8,7,1,3,1
1711,9,0,8,9,0,1,8
1712,7,2,9,7,3,8,3
1713,2,4,8,7,3,1,3
1714,0,6,1,8,9,2,2
1715,8,3,0,9,8,2,3
1716,0,8,4,6,1,2,3
1717,7,0,5,8,1,9,8
1718,7,7,9,9,0,1,8
1719,8,0,7,6,7,8,6
1720,1,8,0,7,9,1,1
1721,8,6,9,9,9,3,2
1722,6,3,7,6,2,3,0
1723,3,2,5,6,8,6,8
1724,5,3,1,7,2,6,5
1725,8,5,7,9,9,9,8
1726,0,4,3,7,9,2,1
1727,4,5,3,8,0,5,1
1728,2,7,6,9,5,1,3
1729,9,5,5,7,4,8,8
1730,0,9,5,8,7,5,3
1731,3,8,2,8,0,3,5
1732,9,8,9,9,5,5,0
1733,1,8,9,9,7,8,6
1734,4,1,3,8,0,0,5
1735,7,5,1,6,1,2,2
1736,3,3,9,7,6,6,0
1737,1,7,4,6,7,6,9
1738,9,6,0,9,3,7,1
1739,5,1,7,9,4,1,2
1740,5,1,9,6,7,8,6
1741,2,9,5,7,1,5,8
1742,7,7,4,6,1,4,0
1743,9,6,6,7,8,3,0
1744,6,5,8,7,8,4,8
1745,6,2,6,9,8,0,3
1746,7,4,4,7,9,1,6
1747,7,4,0,7,5,5,6
1748,7,1,3,7,1,0,6
1749,5,4,1,6,1,2,8
1750,6,1,3,6,8,8,6
1751,4,6,6,9,5,8,5
1752,3,9,1,8,5,7,8
1753,3,5,3,8,7,9,6
1754,8,4,2,6,4,5,4
1755,5,2,8,7,8,2,6
1756,2,5,8,7,5,3,1
1757,6,7,0,8,9,5,0
1758,3,4,3,8,5,1,9
1759,7,8,1,7,9,2,4
1760,9,6,2,9,0,0,7
1761,9,6,7,6,4,7,9
1762,8,2,0,6,8,4,7
1763,9,0,3,9,7,2,4
1764,4,4,8,7,0,1,4
1765,5,4,6,6,0,0,1
1766,6,7,4,9,5,7,7
1767,0,9,0,9,0,4,5
1768,1,0,0,8,7,0,0
1769,3,2,2,8,7,8,6
1770,3,5,3,9,0,4,5
1771,8,9,1,8,5,1,4
1772,5,9,5,6,2,1,1
1773,4,9,5,6,5,2,4
1774,1,5,7,7,1,4,3
1775,0,8,5,8,3,8,9
1776,8,4,6,6,8,4,0
1777,6,5,0,6,0,7,9
1778,2,5,7,7,8,7,8
1779,5,5,8,9,1,8,1
1780,2,6,4,6,9,0,1
1781,9,0,9,8,0,0,5
1782,9,3,7,8,6,5,3
1783,0,8,6,8,5,0,2
1784,8,9,8,9,6,9,6
1785,2,0,7,6,1,9,7
1786,2,1,1,6,8,2,8
1787,3,8,3,9,7,7,6
1788,8,8,3,6,2,2,5
1789,0,3,6,8,1,8,3
1790,9,2,4,6,3,1,8
1791,6,8,2,6,9,6,9
1792,9,2,6,7,8,1,4
1793,8,9,4,7,9,5,4
1794,7,0,9,9,5,4,9
1795,5,9,4,7,1,8,0
1796,6,0,2,8,2,4,5
1797,0,7,7,8,7,2,1
1798,3,8,5,8,7,7,7
1799,4,0,1,9,3,3,8
1800,3,3,3,9,3,0,4
1801,1,7,7,8,9,4,8
1802,9,5,8,7,7,5,7
1803,6,3,1,8,9,8,7
1804,7,0,9,7,8,8,1
1805,1,0,9,8,6,4,3
1806,9,6,9,9,5,7,9
1807,8,7,9,8,2,6,1
1808,4,8,0,9,6,2,7
1809,1,7,3,7,2,4,1
1810,7,3,0,7,5,0,6
1811,6,5,7,7,5,1,4
1812,9,1,3,8,8,1,9
1813,1,3,7,8,7,6,9
1814,6,6,5,7,0,5,5
1815,0,2,3,7,3,3,8
1816,6,9,8,7,6,2,3
1817,0,3,5,7,0,2,3
1818,5,4,5,8,4,6,6
1819,9,3,8,6,1,8,2
1820,0,6,7,8,5,0,9
1821,0,1,0,8,0,8,1
1822,2,2,5,6,5,8,6
1823,5,6,9,9,8,3,8
1824,4,8,0,9,9,0,3
1825,2,4,3,7,6,0,3
1826,4,4,1,7,4,0,4
1827,9,1,2,9,7,8,1
1828,4,2,4,6,1,3,8
1829,8,9,8,6,8,6,1
1830,6,0,6,9,7,5,5
1831,6,7,7,6,5,2,2
1832,6,4,0,6,5,7,5
1833,7,2,0,6,1,0,9
1834,8,6,2,7,2,7,7
1835,9,0,4,6,7,9,0
1836,8,9,5,6,5,3,6
1837,4,0,6,6,2,3,4
1838,5,5,5,7,4,8,9
1839,7,8,4,8,6,8,8
1840,8,8,3,7,8,6,0
1841,8,2,4,9,8,5,1
1842,2,5,4,8,2,8,2
1843,9,2,6,6,2,7,6
1844,4,1,7,8,4,5,0
1845,6,8,2,7,0,4,1
1846,9,8,0,8,8,2,6
1847,9,4,6,8,8,8,5
1848,7,6,6,8,7,8,9
1849,7,1,4,9,5,9,0
1850,8,7,5,9,3,5,6
1851,6,7,5,9,6,6,7
1852,5,3,8,6,2,1,3
1853,1,4,7,9,0,9,0
1854,6,2,3,9,4,1,1
1855,6,2,5,7,3,1,5
1856,4,3,7,7,4,9,9
1857,9,5,2,8,4,9,4
1858,2,8,6,9,5,4,7
1859,4,4,9,9,3,6,3
1860,8,7,5,6,9,6,0
1861,4,2,4,9,1,6,3
1862,3,0,3,7,1,0,4
1863,8,5,5,9,2,1,6
1864,7,3,6,7,9,7,0
1865,6,7,0,7,8,6,0
1866,1,6,1,8,3,0,7
1867,1,1,1,6,2,3,2
1868,7,6,3,8,7,6,6
1869,4,3,3,6,6,4,3
1870,7,5,2,9,5,8,5
1871,7,0,7,8,4,7,5
1872,1,3,6,7,7,8,5
1873,7,5,6,7,6,4,5
1874,3,5,8,9,9,8,5
1875,5,5,7,8,8,5,0
1876,3,3,1,9,0,3,0
1877,7,4,6,6,5,8,9
1878,8,1,4,8,3,5,7
1879,4,3,6,7,8,1,7
1880,3,1,6,8,7,4,0
1881,5,4,4,7,1,5,5
1882,8,7,6,8,5,1,8
1883,0,7,8,6,2,3,8
1884,1,2,3,6,3,5,9
1885,5,6,9,9,1,1,8
1886,2,9,9,9,2,1,1
1887,7,5,7,9,7,9,1
1888,7,4,5,8,7,9,4
1889,6,9,4,8,6,3,2
1890,3,2,1,8,7,3,5
1891,1,7,3,8,8,7,3
1892,7,7,6,7,6,0,9
1893,4,8,9,7,5,8,2
1894,6,3,3,7,3,2,0
1895,3,7,7,7,8,5,5
1896,0,5,2,9,9,4,8
1897,0,9,8,6,4,3,7
1898,1,6,3,7,0,3,2
1899,9,9,5,9,0,1,2
1900,4,7,4,8,4,4,9
1901,8,5,5,8,1,4,0
1902,5,6,5,9,7,2,0
1903,5,2,6,8,3,4,8
1904,3,1,9,7,9,8,5
1905,8,5,2,6,8,8,8
1906,4,1,4,7,4,2,6
1907,4,9,6,6,8,9,2
1908,1,5,3,6,2,9,1
1909,6,1,4,6,5,9,2
1910,2,3,0,7,7,1,7
1911,0,7,6,7,0,5,5
1912,9,6,1,6,5,8,3
1913,6,1,6,7,6,4,6
1914,1,7,9,6,8,9,4
1915,3,7,7,8,8,7,3
1916,3,2,2,7,1,7,1
1917,8,1,6,7,4,9,3
1918,5,6,2,9,2,7,3
1919,6,4,6,6,2,7,0
1920,0,9,9,7,7,3,2
1921,9,1,2,6,6,1,4
1922,1,7,9,8,8,2,4
1923,9,2,7,7,7,1,4
1924,2,2,6,9,8,7,1
1925,5,6,5,6,6,4,6
1926,0,4,2,8,1,4,5
1927,8,7,2,9,3,4,1
1928,7,5,6,9,0,6,7
1929,3,6,1,7,0,7,8
1930,7,8,7,9,8,8,8
1931,0,4,5,8,1,7,0
1932,0,7,9,9,6,3,3
1933,9,7,8,6,9,2,6
1934,2,9,6,8,8,2,1
1935,9,6,7,6,8,2,5
1936,7,9,5,6,7,4,8
1937,8,7,6,9,7,7,5
1938,8,4,4,8,6,0,2
1939,2,5,1,8,4,3,7
1940,7,9,5,6,7,2,2
1941,3,9,5,8,5,4,8
1942,3,0,5,9,3,6,3
1943,2,0,6,8,8,2,1
1944,4,8,5,9,7,8,0
1945,1,9,4,8,1,4,7
1946,6,5,1,7,7,9,3
1947,7,7,3,8,2,8,2
1948,8,6,7,8,9,1,0
1949,9,9,5,7,4,4,0
1950,9,0,7,8,4,2,9
1951,8,4,3,6,6,3,3
1952,0,3,6,9,8,9,0
1953,2,9,3,7,9,7,9
1954,8,7,7,9,0,7,7
1955,8,0,9,7,5,9,8
1956,6,8,2,9,3,9,8
1957,9,7,3,8,6,7,6
1958,1,3,7,8,2,9,6
1959,5,8,8,8,8,0,0
1960,6,6,6,6,3,9,2
1961,4,7,0,6,1,0,9
1962,0,9,8,6,2,7,3
1963,6,3,6,6,8,3,8
1964,8,8,1,6,1,9,9
1965,7,4,4,7,9,4,9
1966,4,7,5,9,6,2,5
1967,1,9,0,8,5,7,5
1968,6,2,8,8,3,5,6
1969,5,8,6,7,0,3,3
1970,3,1,1,6,2,8,9
1971,9,7,2,8,4,4,1
1972,2,6,8,7,8,3,1
1973,4,1,8,8,7,6,2
1974,3,2,0,7,8,8,4
1975,1,7,8,6,8,4,2
1976,9,9,1,6,5,0,1
1977,6,2,8,8,7,8,3
1978,2,0,5,8,6,8,1
1979,7,2,3,6,3,3,0
1980,7,5,4,7,9,6,3
1981,2,4,6,7,7,4,6
1982,1,4,2,9,1,7,5
1983,9,1,7,9,6,7,0
1984,9,1,7,8,7,7,2
1985,7,8,6,7,8,4,1
1986,7,3,7,8,1,3,5
1987,5,5,0,8,5,5,1
1988,3,4,1,7,3,6,4
1989,3,4,3,6,8,1,2
1990,2,7,0,9,6,8,6
1991,6,2,4,7,1,7,9
1992,6,4,3,8,8,1,8
1993,2,5,4,8,4,5,3
1994,5,9,3,6,9,8,9
1995,6,4,1,7,2,2,6
1996,0,9,3,8,2,2,1
1997,2,6,2,6,4,7,6
1998,6,3,1,9,1,3,4
1999,0,6,8,6,2,4,4
2000,1,6,6,7,6,4,3
2001,2,6,5,7,5,3,8
2002,1,3,3,7,0,9,6
2003,7,2,8,9,5,8,9
2004,9,5,1,9,4,9,9
2005,4,9,9,7,9,9,7
2006,7,7,6,9,7,8,9
2007,7,8,3,6,3,4,9
2008,8,8,6,7,4,8,0
2009,6,2,2,7,1,2,0
2010,4,0,1,9,3,5,8
2011,9,7,3,6,7,2,6
2012,8,2,3,9,1,2,7
2013,3,6,6,9,0,3,8
2014,2,3,0,8,6,8,2
2015,7,2,8,9,4,2,8
2016,9,2,1,9,4,2,4
2017,1,8,8,9,8,9,8
2018,5,3,9,6,3,9,0
2019,4,0,7,9,7,3,6
2020,2,7,8,6,7,8,4
2021,1,1,3,6,0,7,1
2022,3,5,7,6,5,6,2
2023,2,0,3,9,4,5,9
2024,2,9,9,7,3,7,8
2025,3,8,8,9,7,5,3
2026,2,3,5,6,6,6,4
2027,8,0,2,8,0,2,4
2028,8,4,0,8,7,8,9
2029,0,0,8,7,1,8,1
2030,1,2,5,8,8,7,6
2031,9,3,0,6,7,7,5
2032,8,7,6,8,8,0,1
2033,7,4,9,9,6,5,0
2034,8,5,0,9,3,0,2
2035,3,1,2,6,6,9,1
2036,6,3,4,7,0,9,1
2037,8,2,9,7,1,3,6
2038,8,9,4,9,9,2,6
2039,6,7,5,9,2,5,1
2040,3,9,5,9,6,4,8
2041,0,5,5,7,7,1,7
2042,2,3,4,8,3,8,2
2043,0,6,4,9,1,2,4
2044,0,6,3,6,3,2,5
2045,8,1,7,6,4,2,3
2046,7,9,2,8,9,3,6
2047,6,1,7,8,5,3,4
2048,4,9,0,6,7,2,9
2049,8,9,4,9,7,1,2
2050,2,1,5,7,9,2,8
2051,6,1,6,6,1,5,8
2052,0,6,3,9,1,7,0
2053,6,5,9,6,4,7,2
2054,8,3,1,9,4,1,5
2055,8,8,7,8,1,3,9
2056,1,9,5,9,6,4,6
2057,5,6,6,8,3,7,5
2058,0,9,6,6,4,4,6
2059,1,6,0,7,8,3,6
2060,1,8,9,6,1,6,9
2061,8,0,3,8,6,3,0
2062,7,5,7,6,1,0,7
2063,9,3,8,6,1,4,6
2064,0,5,4,7,9,5,2
2065,7,5,2,6,0,4,1
2066,7,7,9,9,0,0,2
2067,0,5,1,8,7,0,7
2068,9,4,4,6,2,9,6
2069,6,1,6,7,0,5,0
2070,1,1,0,9,7,8,9
2071,1,7,5,6,1,3,4
2072,0,3,3,8,7,5,8
2073,5,6,1,6,4,9,0
2074,7,8,4,8,7,2,3
2075,1,6,3,7,7,5,5
2076,9,6,5,9,2,8,8
2077,8,2,0,6,9,8,7
2078,8,8,0,9,7,4,0
2079,7,9,0,7,6,4,1
2080,7,6,7,8,9,8,6
2081,8,4,1,9,6,0,5
2082,8,0,3,9,6,2,2
2083,6,9,3,8,8,8,3
2084,2,2,4,6,7,4,4
2085,5,5,5,9,9,1,3
2086,6,8,6,7,6,5,5
2087,5,8,0,6,2,2,6
2088,2,0,9,6,2,6,9
2089,7,7,2,6,9,1,7
2090,7,3,8,8,8,4,7
2091,8,5,1,9,9,7,1
2092,7,3,6,9,8,0,0
2093,7,0,8,8,0,2,7
2094,0,1,1,6,9,2,7
2095,3,0,1,9,3,2,5
2096,2,9,6,9,7,1,8
2097,4,4,2,7,4,5,9
2098,7,0,9,7,1,7,2
2099,7,7,7,6,5,8,6
2100,4,4,2,7,9,4,2
2101,7,1,0,6,8,5,7
2102,2,0,3,6,2,7,4
2103,2,6,1,7,1,4,0
2104,2,6,4,6,3,4,2
2105,7,3,5,7,3,3,2
2106,3,8,1,6,5,5,2
2107,6,1,1,6,8,6,2
2108,0,0,7,8,8,6,9
2109,3,2,0,6,8,6,2
2110,1,2,8,7,1,9,3
2111,3,2,9,7,8,5,6
2112,5,6,8,7,7,1,8
2113,7,4,4,6,0,3,3
2114,2,0,7,8,7,7,4
2115,3,7,6,6,3,0,9
2116,7,3,9,6,2,2,3
2117,0,7,6,8,1,0,2
2118,8,7,8,8,5,9,9
2119,0,6,1,9,3,2,6
2120,3,2,2,6,2,4,8
2121,3,8,1,9,9,6,0
2122,7,2,4,9,9,6,8
2123,0,1,2,7,3,7,3
2124,4,2,9,9,2,4,2
2125,4,6,5,8,2,6,0
2126,6,9,5,8,1,5,0
2127,6,8,5,6,6,5,3
2128,8,9,5,6,9,5,7
2129,8,1,9,8,9,7,3
2130,2,2,5,8,8,0,9
2131,6,2,3,7,8,8,3
2132,2,3,2,9,1,5,4
2133,0,1,0,9,0,8,4
2134,9,2,9,6,6,6,9
2135,4,2,6,8,9,7,5
2136,2,7,4,6,6,8,8
2137,3,1,0,7,9,9,9
2138,8,3,8,7,9,1,4
2139,5,6,2,6,9,5,6
2140,7,4,6,9,8,8,6
2141,7,6,0,9,1,5,7
2142,1,9,5,8,3,1,0
2143,6,4,5,6,3,8,0
2144,3,1,5,6,7,1,8
2145,0,6,2,9,0,8,2
2146,9,7,9,8,1,0,8
2147,2,9,8,8,5,0,7
2148,4,1,7,6,1,3,1
2149,2,3,4,9,7,2,3
2150,7,2,1,8,1,1,9
2151,0,0,9,8,4,9,6
2152,4,8,9,7,6,9,4
2153,8,6,1,8,8,5,0
2154,0,5,1,8,3,8,7
2155,3,9,7,6,5,3,6
2156,8,8,6,6,3,9,5
2157,3,5,5,9,0,7,7
2158,5,5,1,8,5,0,1
2159,9,2,0,8,4,4,6
2160,4,1,2,9,5,7,6
2161,3,3,8,8,8,2,5
2162,2,6,7,8,0,9,7
2163,6,5,0,6,5,5,7
2164,4,0,0,9,8,3,2
2165,6,8,9,9,9,1,4
2166,0,4,9,6,4,3,2
2167,9,3,4,7,3,5,2
2168,0,8,5,9,5,6,9
2169,6,0,8,8,7,5,2
2170,4,5,2,9,6,6,5
2171,7,8,6,8,5,3,4
2172,6,9,3,9,0,9,7
2173,2,6,2,9,6,3,1
2174,6,4,0,6,2,5,2
2175,7,5,1,6,8,0,6
2176,8,3,9,8,6,9,0
2177,8,9,0,7,6,7,4
2178,3,4,0,8,0,2,3
2179,9,0,6,8,9,6,8
2180,3,4,8,8,5,8,9
2181,2,3,3,6,1,0,6
2182,0,7,5,6,0,9,8
2183,0,9,7,7,4,1,5
2184,3,4,1,7,8,3,9
2185,4,6,4,8,1,4,6
2186,3,3,2,6,3,1,0
2187,2,0,1,7,7,8,2
2188,3,1,8,8,3,3,0
2189,9,6,4,7,1,0,8
2190,0,4,4,6,3,1,8
2191,0,3,7,7,2,9,7
2192,3,2,0,6,2,1,9
2193,8,7,8,6,2,4,5
2194,7,0,4,9,9,4,9
2195,6,2,5,7,8,3,7
2196,7,5,4,6,8,1,9
2197,2,8,5,6,0,8,2
2198,7,5,1,9,8,8,7
2199,6,7,5,9,7,0,4
2200,0,7,0,7,9,2,7
2201,8,8,1,7,8,5,8
2202,5,8,6,7,3,1,1
2203,9,7,0,7,1,3,9
2204,0,1,6,8,1,6,6
2205,4,0,2,7,9,7,5
2206,6,3,0,8,0,5,4
2207,6,1,6,7,3,9,8
2208,3,3,4,7,0,3,5
2209,0,3,9,7,3,9,8
2210,3,8,5,8,7,0,4
2211,4,6,5,9,0,6,6
2212,9,7,5,7,3,4,1
2213,2,6,3,9,0,4,6
2214,4,1,3,9,8,8,7
2215,8,8,1,8,2,1,6
2216,2,7,7,6,5,5,9
2217,5,2,9,6,5,1,3
2218,0,0,9,8,3,9,5
2219,4,4,7,8,3,5,3
2220,8,0,2,7,5,2,4
2221,8,6,9,6,8,3,2
2222,3,5,4,6,1,4,4
2223,7,2,5,9,6,6,7
2224,7,9,4,6,9,4,1
2225,8,5,9,7,8,8,8
2226,1,9,7,9,4,8,1
2227,2,0,5,9,3,8,3
2228,4,5,7,6,4,6,6
2229,1,1,1,8,1,2,8
2230,9,4,7,9,7,9,5
2231,7,3,4,8,3,6,3
2232,0,9,3,6,4,6,2
2233,9,0,2,8,9,6,6
2234,3,1,5,8,0,6,6
2235,3,3,0,7,4,6,6
2236,8,2,4,9,2,5,2
2237,5,1,7,6,4,4,3
2238,0,6,7,9,9,0,2
2239,4,5,2,6,5,4,2
2240,3,7,5,6,4,3,7
2241,8,4,3,9,0,6,2
2242,1,1,9,6,4,6,9
2243,3,8,3,6,9,9,9
2244,3,6,9,8,5,2,7
2245,7,0,9,7,9,4,6
2246,3,4,4,6,8,0,3
2247,2,8,7,6,2,5,2
2248,6,8,5,7,0,3,6
2249,4,9,6,7,1,3,2
2250,8,8,7,7,2,7,7
2251,6,4,3,6,5,7,0
2252,5,2,3,9,2,8,9
2253,4,4,5,7,7,8,8
2254,5,5,8,9,0,7,4
2255,1,7,9,8,6,9,6
2256,3,9,0,9,4,0,1
2257,3,7,7,6,8,7,0
2258,9,8,9,9,4,0,1
2259,9,2,6,8,0,9,5
2260,7,2,7,7,2,7,2
2261,2,9,5,7,5,2,3
2262,4,2,9,9,9,5,4
2263,2,4,2,6,7,1,7
2264,5,6,3,7,1,2,6
2265,3,5,8,9,4,9,5
2266,3,3,8,7,0,2,0
2267,4,8,1,8,9,9,0
2268,9,8,0,8,8,7,4
2269,9,7,4,6,0,9,6
2270,3,8,3,9,5,6,7
2271,8,7,6,7,8,1,4
2272,9,5,4,6,9,8,7
2273,6,5,9,7,9,3,0
2274,2,3,7,7,1,2,6
2275,1,1,0,7,4,0,3
2276,9,8,7,8,7,6,2
2277,8,4,8,7,4,5,5
2278,8,2,9,6,1,4,0
2279,8,2,0,7,3,5,1
2280,3,9,9,8,0,3,9
2281,7,0,0,9,0,2,2
2282,3,9,0,6,4,2,9
2283,2,6,9,7,3,0,0
2284,8,2,8,7,8,2,8
2285,4,5,3,6,9,4,5
2286,7,3,2,6,7,6,6
2287,3,0,5,7,6,7,5
2288,9,2,2,7,3,3,6
2289,6,8,4,9,7,4,8
2290,6,6,6,7,5,9,6
2291,8,1,2,8,1,7,9
2292,1,5,6,7,6,7,6
2293,3,6,7,8,9,7,8
2294,3,2,9,6,8,9,7
2295,9,0,8,6,8,8,4
2296,5,0,3,9,4,8,3
2297,5,4,1,8,9,2,8
2298,3,3,0,6,7,8,3
2299,4,3,4,8,4,1,0
2300,4,1,1,9,8,4,1
2301,5,0,5,6,2,2,5
2302,5,9,9,9,3,4,7
2303,4,8,3,8,1,1,7
2304,4,0,9,7,9,0,1
2305,1,1,8,6,0,1,8
2306,8,2,2,6,3,0,1
2307,8,2,1,8,1,9,3
2308,4,0,4,6,6,6,7
2309,8,1,6,8,3,7,6
2310,4,5,3,6,3,3,3
2311,9,1,7,8,2,6,7
2312,6,4,0,7,5,6,0
2313,7,5,9,6,8,9,2
2314,4,9,9,7,1,5,5
2315,0,8,3,6,7,9,5
2316,5,2,7,7,6,8,6
2317,3,5,4,9,0,6,8
2318,0,7,9,7,0,8,8
2319,8,9,7,6,6,9,2
2320,6,6,8,9,9,4,7
2321,6,2,7,9,9,4,9
2322,2,8,5,6,7,1,5
2323,9,3,6,9,7,4,0
2324,3,5,3,7,4,4,2
2325,8,2,4,9,8,8,3
2326,8,8,5,6,7,1,0
2327,6,9,2,7,4,2,4
2328,3,0,9,7,4,0,7
2329,4,6,5,9,7,5,0
2330,3,4,6,7,4,4,2
2331,9,1,2,6,4,5,1
2332,2,0,3,6,0,9,6
2333,8,2,5,6,1,2,2
2334,0,0,9,7,1,3,8
2335,6,4,3,7,9,5,5
2336,6,8,3,8,1,2,9
2337,8,2,2,8,9,0,1
2338,7,2,0,9,6,9,9
2339,1,9,5,9,4,9,9
2340,9,4,0,9,6,8,7
2341,3,1,2,7,2,9,9
2342,1,1,3,9,0,9,7
2343,3,4,6,9,3,1,9
2344,1,6,4,6,3,8,5
2345,3,4,2,8,9,9,8
2346,1,9,7,8,9,7,3
2347,2,3,7,8,8,1,8
2348,9,3,9,8,9,5,0
2349,8,0,2,9,0,7,6
2350,0,2,3,9,7,6,9
2351,9,0,3,9,0,5,7
2352,7,7,7,6,9,2,7
2353,5,5,5,8,1,7,0
2354,4,8,7,6,3,6,6
2355,7,0,4,8,9,8,7
2356,8,9,5,9,2,8,4
2357,7,7,9,6,1,8,3
2358,5,8,6,6,4,6,4
2359,2,7,8,9,1,6,4
2360,9,2,2,9,7,5,3
2361,0,7,9,8,8,0,8
2362,7,6,0,8,2,6,3
2363,6,0,8,7,5,5,7
2364,5,0,0,8,3,0,3
2365,4,5,0,8,5,5,0
2366,9,9,7,6,1,6,7
2367,7,8,3,9,9,2,2
2368,7,1,3,8,7,4,8
2369,8,2,8,8,6,5,4
2370,2,3,7,9,6,1,2
2371,3,0,4,9,5,8,4
2372,0,8,1,8,9,5,6
2373,9,4,0,8,9,1,5
2374,5,9,3,6,6,5,7
2375,3,6,5,8,9,2,2
2376,9,3,2,8,7,5,5
2377,1,6,9,9,5,2,6
2378,8,1,9,9,1,5,0
2379,6,6,5,7,4,5,5
2380,3,8,1,7,5,0,8
2381,3,3,2,7,6,6,1
2382,3,5,0,9,8,2,9
2383,3,5,8,7,5,4,5
2384,7,7,7,8,9,0,2
2385,4,2,6,9,0,5,1
2386,3,2,5,9,0,0,6
2387,4,6,2,7,4,3,9
2388,7,1,7,8,2,2,0
2389,5,2,5,6,2,6,0
2390,3,6,0,7,6,1,4
2391,8,9,3,9,0,7,0
2392,5,9,3,8,5,6,3
2393,8,5,6,9,0,4,0
2394,2,6,9,9,6,9,5
2395,3,5,7,6,8,5,1
2396,1,4,0,9,6,6,8
2397,1,3,3,8,4,3,5
2398,7,2,2,9,4,5,6
2399,6,6,7,6,7,9,4
2400,9,9,8,7,4,7,4
2401,2,7,4,7,5,0,1
2402,2,0,5,6,9,1,4
2403,8,3,8,9,2,0,6
2404,8,4,8,8,4,9,2
2405,5,0,2,6,7,9,8
2406,7,6,8,9,2,0,9
2407,8,6,1,8,0,5,0
2408,9,8,7,7,1,9,1
2409,2,7,3,7,7,8,7
2410,2,3,7,7,0,2,5
2411,4,7,5,8,9,7,2
2412,0,0,2,6,0,1,2
2413,1,5,3,6,1,8,8
2414,8,4,7,8,7,5,3
2415,6,9,3,9,6,4,0
2416,9,1,9,9,7,6,1
2417,9,9,3,9,6,3,2
2418,9,2,6,7,1,8,2
2419,1,9,4,7,7,0,6
2420,7,8,7,8,1,8,5
2421,8,9,0,8,7,2,0
2422,5,8,5,6,2,2,2
2423,9,6,9,6,8,0,1
2424,7,6,8,6,7,4,2
2425,1,0,7,9,2,0,0
2426,6,4,4,6,7,5,6
2427,9,6,9,9,6,5,9
2428,3,5,7,7,6,1,3
2429,4,5,4,7,1,4,9
2430,7,5,5,8,2,8,0
2431,8,6,1,7,0,3,9
2432,3,6,3,8,6,6,8
2433,0,1,5,9,8,5,7
2434,4,3,3,8,3,3,0
2435,6,7,5,7,9,5,4
2436,8,6,1,6,8,6,4
2437,9,6,9,9,5,4,5
2438,2,2,5,6,4,7,1
2439,7,8,5,9,6,5,9
2440,9,4,8,8,7,1,5
2441,2,2,6,7,3,8,8
2442,4,8,8,9,9,6,5
2443,8,6,0,8,7,5,7
2444,3,1,1,9,8,4,1
2445,9,0,7,9,2,1,5
2446,1,2,9,7,7,7,9
2447,7,7,9,8,7,5,5
2448,7,1,1,8,4,9,7
2449,6,7,9,6,1,8,3
2450,1,8,1,9,0,7,9
2451,0,8,7,8,0,3,6
2452,0,5,4,9,3,3,0
2453,3,2,6,9,0,1,1
2454,3,0,7,7,7,3,2
2455,9,5,9,6,7,8,1
2456,8,6,2,6,5,1,2
2457,9,4,4,9,0,6,6
2458,7,7,8,7,5,7,1
2459,1,8,0,9,7,2,0
2460,0,1,7,9,7,9,5
2461,4,0,7,7,4,4,9
2462,3,2,8,6,9,8,2
2463,6,8,1,6,7,0,3
2464,8,5,1,9,7,7,5
2465,9,1,4,8,8,3,6
2466,5,0,9,7,4,2,6
2467,0,3,4,6,8,9,6
2468,9,0,5,7,2,3,6
2469,5,2,4,8,9,3,8
2470,3,3,9,9,6,0,7
2471,8,9,8,7,8,8,6
2472,7,8,3,6,7,1,0
2473,1,7,5,6,4,1,6
2474,9,2,4,9,6,0,9
2475,4,4,2,7,8,4,5
2476,0,5,7,8,5,3,9
2477,0,0,0,7,5,5,7
2478,0,0,3,6,1,0,4
2479,6,2,7,6,6,8,4
2480,5,9,1,8,0,4,4
2481,3,2,3,7,9,4,7
2482,5,5,0,9,5,2,7
2483,7,6,5,9,0,0,6
2484,1,6,2,6,9,6,9
2485,6,0,4,9,0,2,1
2486,3,6,7,6,3,6,8
2487,7,9,2,8,0,0,5
2488,2,2,4,9,9,9,7
2489,4,0,0,6,7,5,9
2490,6,5,2,8,3,5,2
2491,5,6,3,7,8,7,1
2492,7,9,6,8,2,2,7
2493,5,7,8,7,7,0,4
2494,7,0,8,9,9,2,5
2495,7,9,7,9,7,6,7
2496,1,0,7,9,1,4,3
2497,0,0,1,8,2,9,5
2498,1,0,3,9,7,7,9
2499,8,0,6,9,7,6,6
2500,9,8,4,6,1,2,3
2501,9,6,9,8,7,1,7
2502,1,8,3,8,9,6,1
2503,8,7,4,6,8,7,0
2504,8,4,0,9,7,0,6
2505,2,9,4,9,4,6,6
2506,1,3,6,9,0,9,9
2507,9,3,1,8,5,7,6
2508,7,8,9,9,4,3,3
2509,2,2,2,9,0,3,2
2510,1,6,9,8,6,8,1
2511,6,8,2,8,8,4,5
2512,6,2,9,6,9,7,2
2513,8,5,1,8,9,8,2
2514,6,1,1,7,1,2,2
2515,8,4,4,9,8,8,3
2516,1,0,5,9,6,7,6
2517,6,3,4,7,8,1,6
2518,6,6,5,8,0,2,1
2519,3,0,8,6,5,4,9
2520,3,2,6,8,4,5,3
2521,7,2,5,9,6,5,6
2522,6,1,8,9,5,9,8
2523,2,1,1,9,8,8,5
2524,3,2,6,7,7,1,7
2525,1,3,9,8,7,3,4
2526,6,0,6,8,5,5,7
2527,3,6,0,6,9,1,6
2528,9,4,8,8,1,1,6
2529,6,3,4,6,6,8,6
2530,0,3,7,7,9,3,4
2531,4,3,0,7,9,9,8
2532,8,3,8,8,1,4,2
2533,7,0,2,8,4,8,8
2534,1,0,8,9,8,0,4
2535,6,4,4,6,0,9,8
2536,8,1,0,9,0,7,8
2537,7,2,0,6,6,1,1
2538,3,1,2,9,0,2,0
2539,4,6,8,7,0,5,2
2540,3,9,7,7,3,8,8
2541,6,6,1,7,0,5,0
2542,1,2,5,8,7,7,6
2543,8,3,6,8,8,0,1
2544,7,1,1,6,7,0,1
2545,2,5,7,7,1,6,7
2546,8,8,9,8,9,8,0
2547,4,4,0,7,6,4,9
2548,7,7,3,8,6,1,0
2549,8,9,0,8,4,8,7
2550,7,4,3,6,3,7,9
2551,3,2,9,9,4,6,9
2552,8,0,3,9,3,1,9
2553,9,6,9,6,9,0,1
2554,7,8,0,8,9,8,9
2555,0,7,7,8,5,8,4
2556,2,1,6,7,3,8,8
2557,4,8,3,7,0,1,9
2558,1,7,1,8,3,5,5
2559,8,0,2,8,7,4,2
2560,7,1,9,7,6,4,5
2561,8,6,8,6,7,6,7
2562,8,5,9,9,1,2,8
2563,7,9,6,7,0,1,0
2564,3,8,8,8,4,4,1
2565,2,0,1,7,6,8,5
2566,9,9,5,7,5,1,3
2567,4,4,9,9,3,6,4
2568,1,2,2,9,7,6,7
2569,0,9,7,8,0,3,1
2570,1,4,6,8,2,6,8
2571,5,5,4,8,6,8,0
2572,5,1,2,9,4,5,8
2573,0,0,5,9,9,6,2
2574,4,0,8,7,9,5,4
2575,7,1,8,9,0,4,9
2576,6,4,5,8,0,1,4
2577,0,8,9,9,1,3,7
2578,5,2,0,9,7,1,0
2579,4,0,2,9,5,3,9
2580,2,0,9,8,6,4,6
2581,5,4,8,8,0,3,7
2582,6,8,9,9,8,0,3
2583,7,5,8,6,2,2,9
2584,6,6,3,8,4,3,0
2585,6,6,0,8,2,1,5
2586,2,5,2,9,6,6,9
2587,9,7,1,9,6,6,3
2588,2,9,6,9,3,6,7
2589,0,6,1,7,9,7,3
2590,1,5,9,8,2,4,4
2591,0,8,5,9,4,8,9
2592,2,5,4,6,7,7,8
2593,9,5,3,8,4,8,7
2594,4,1,3,6,5,2,5
2595,3,4,0,9,3,0,1
2596,0,6,5,7,2,3,7
2597,1,9,4,6,4,2,3
2598,5,7,6,9,6,0,3
2599,5,5,4,7,6,9,6
2600,7,7,1,9,3,7,4
2601,7,1,7,7,7,8,8
2602,3,8,9,9,4,9,0
2603,9,7,2,8,9,7,6
2604,1,8,8,8,3,7,5
2605,9,3,8,8,1,3,8
2606,0,2,9,9,0,4,1
2607,8,8,9,8,7,1,0
2608,8,1,2,6,7,3,2
2609,8,5,9,7,7,7,5
2610,0,1,5,9,1,7,2
2611,5,3,6,8,0,9,0
2612,8,6,7,7,1,8,6
2613,6,7,8,6,5,4,0
2614,9,4,8,6,2,8,3
2615,7,3,8,9,8,0,9
2616,7,1,2,9,5,5,4
2617,7,7,9,7,3,1,8
2618,3,3,2,9,4,4,5
2619,7,2,3,8,0,5,1
2620,1,3,8,7,6,7,0
2621,7,8,2,6,5,2,0
2622,4,9,8,6,9,7,8
2623,3,1,5,7,5,6,5
2624,9,4,6,8,5,9,9
2625,3,1,9,7,0,0,8
2626,8,1,2,6,4,7,8
2627,7,9,4,8,8,7,6
2628,0,4,6,8,2,9,8
2629,8,8,2,7,9,7,8
2630,6,6,7,9,2,6,6
2631,1,9,6,6,4,7,6
2632,7,8,7,8,0,8,7
2633,6,8,0,6,5,9,5
2634,0,9,4,9,4,5,3
2635,2,4,4,9,9,1,5
2636,3,8,9,6,0,9,5
2637,4,7,3,9,7,9,5
2638,2,0,1,8,8,9,9
2639,3,2,9,9,1,3,0
2640,9,3,7,9,9,8,6
2641,0,2,2,9,2,7,9
2642,8,9,7,7,0,8,6
2643,7,9,7,8,6,6,8
2644,6,1,9,6,7,0,6
2645,0,8,0,8,6,2,5
2646,1,1,7,8,8,8,5
2647,0,4,5,6,4,6,0
2648,6,8,5,9,3,7,6
2649,8,6,4,7,5,6,8
2650,8,4,5,9,5,3,2
2651,9,5,4,7,8,8,8
2652,5,4,0,7,3,6,9
2653,1,9,8,8,2,1,7
2654,1,5,2,9,7,8,8
2655,9,1,7,9,9,7,6
2656,9,6,0,6,6,0,5
2657,6,4,1,6,9,6,5
2658,0,2,3,8,1,4,3
2659,7,2,3,7,3,2,1
2660,1,7,3,6,1,3,3
2661,0,3,1,7,3,4,9
2662,5,7,7,7,1,1,1
2663,9,4,9,7,8,0,7
2664,6,0,9,7,4,4,8
2665,8,7,5,6,6,4,1
2666,6,0,5,6,6,1,7
2667,9,7,7,6,1,4,1
2668,7,7,8,6,0,1,0
2669,5,8,8,7,6,4,7
2670,7,1,4,8,5,4,8
2671,1,4,2,8,7,0,8
2672,6,7,9,7,0,9,3
2673,0,7,5,8,7,2,7
2674,3,3,6,7,0,9,7
2675,8,8,7,8,4,9,9
2676,5,1,7,9,0,6,9
2677,6,0,6,9,9,9,7
2678,1,5,2,9,1,6,7
2679,2,5,4,8,3,0,5
2680,4,5,9,8,2,7,3
2681,1,9,3,8,7,4,5
2682,4,8,4,6,3,0,2
2683,4,1,9,7,4,7,4
2684,8,9,5,7,9,8,0
2685,5,6,3,6,0,0,9
2686,7,1,6,8,2,7,4
2687,8,1,8,6,3,7,7
